speciesId	compartment	initialConcentration	solver
cyt_abs__ribosome_	Cytoplasm	1897.371866	Deterministic
nuc_prot_i__P53_	Nucleus	296.618651	Deterministic
nuc_prot_a__P53_	Nucleus	6.24613433	Deterministic
nuc_prot__MDM2_1_	Nucleus	205.6185213	Deterministic
nuc_prot__PPM1D_1_	Nucleus	2.230730408	Deterministic
nuc_prot_a__ATM_	Nucleus	0.0	Deterministic
nuc_prot_a__ATR_1_	Nucleus	0.0	Deterministic
nuc_abs__MDM2delay1_	Nucleus	6.24613433	Deterministic
nuc_abs__MDM2delay2_	Nucleus	6.24613433	Deterministic
nuc_abs__MDM2delay3_	Nucleus	6.24613433	Deterministic
nuc_abs__MDM2delay4_	Nucleus	6.24613433	Deterministic
nuc_abs__MDM2delay5_	Nucleus	6.24613433	Deterministic
nuc_abs__MDM2delay6_	Nucleus	6.24613433	Deterministic
nuc_abs__MDM2delay7_	Nucleus	6.24613433	Deterministic
nuc_abs__MDM2delay8_	Nucleus	6.24613433	Deterministic
nuc_abs__MDM2delay9_	Nucleus	6.24613433	Deterministic
nuc_abs__MDM2delay10_	Nucleus	6.24613433	Deterministic
nuc_abs__WIP1delay1_	Nucleus	6.24613433	Deterministic
nuc_abs__WIP1delay2_	Nucleus	6.24613433	Deterministic
nuc_abs__WIP1delay3_	Nucleus	6.24613433	Deterministic
nuc_abs__WIP1delay4_	Nucleus	6.24613433	Deterministic
nuc_abs__WIP1delay5_	Nucleus	6.24613433	Deterministic
nuc_abs__WIP1delay6_	Nucleus	6.24613433	Deterministic
nuc_abs__WIP1delay7_	Nucleus	6.24613433	Deterministic
nuc_abs__WIP1delay8_	Nucleus	6.24613433	Deterministic
nuc_abs__WIP1delay9_	Nucleus	6.24613433	Deterministic
nuc_abs__WIP1delay10_	Nucleus	6.24613433	Deterministic
nuc_prot__BRCA2_	Nucleus	0.8217966444	Deterministic
nuc_prot__MSH6_1_	Nucleus	45.50365668	Deterministic
nuc_prot__MGMT_	Nucleus	120.2551816	Deterministic
nuc_abs__DNADoubleStrandBreak_	Nucleus	0.0002439506892	Deterministic
nuc_abs__DNASingleStrandBreak_	Nucleus	6.05e-06	Deterministic
nuc_cong__p_p_AKT__MDM2_1_	Nucleus	0.0	Deterministic
nuc_prot__p_MDM2_1_	Nucleus	0.0	Deterministic
nuc_prot__ARF_1_	Nucleus	0.0	Deterministic
nuc_prot__MDM4_1_	Nucleus	0.02721568768	Deterministic
nuc_prot_a__P53__MDM4_1_	Nucleus	0.0	Deterministic
nuc_prot_i__ATM_	Nucleus	1.503759502	Deterministic
nuc_prot_i__ATR_1_	Nucleus	2.400324008	Deterministic
nuc_prot__RB_	Nucleus	7983.140007	Deterministic
nuc_prot__pT373_RB_	Nucleus	0.5354928863	Deterministic
nuc_prot__pT373_pS807_pS811_RB_	Nucleus	0.006971196379	Deterministic
nuc_cong__E2F_	Nucleus	1117.207529	Deterministic
nuc_cong__CCND_	Nucleus	0.2333115979	Deterministic
nuc_cong_i__CCND__CDK4_	Nucleus	0.5891171682	Deterministic
nuc_cong__CCND__CDK4_	Nucleus	3.85369761	Deterministic
nuc_cong__CCND__CDK4__CDN1B_	Nucleus	0.787522147	Deterministic
nuc_cong__CCNE_	Nucleus	0.2553392305	Deterministic
nuc_cong_i__CCNE__CDK2_	Nucleus	0.8895689476	Deterministic
nuc_cong__CCNE__CDK2_	Nucleus	2.746655183	Deterministic
nuc_prot__SKP2_1_	Nucleus	11.40896301	Deterministic
nuc_cong__CCNE__CDK2__CDN1B_	Nucleus	1.122585115	Deterministic
nuc_prot__MPIP1_1_	Nucleus	141.2881402	Deterministic
nuc_prot_i__MPIP2_1_	Nucleus	49.17500389	Deterministic
nuc_prot_i__MPIP1_1_	Nucleus	16.02256602	Deterministic
nuc_prot_i__MPIP3_1_	Nucleus	55.29821475	Deterministic
nuc_prot__CCNA2_	Nucleus	4.029092509	Deterministic
nuc_prot_i__CCNA__CDK2_	Nucleus	14.03683866	Deterministic
nuc_prot__CCNA__CDK2_	Nucleus	5.235356085	Deterministic
nuc_prot__CCNA__CDK2__CDN1B_	Nucleus	1.283844951	Deterministic
nuc_prot__CDN1B_	Nucleus	20.43549408	Deterministic
nuc_prot_i__CADH1_1_	Nucleus	0.5985884632	Deterministic
nuc_prot_a__CADH1_1_	Nucleus	108.8028846	Deterministic
nuc_cong__p_E2F_	Nucleus	11.60507992	Deterministic
nuc_prot__pT187_CDN1B_	Nucleus	4.204625911	Deterministic
nuc_prot__MPIP2_1_	Nucleus	41.64971959	Deterministic
nuc_cong__CCNB_	Nucleus	3.443669431	Deterministic
nuc_cong_i__CCNB__CDK1_	Nucleus	3.901124927	Deterministic
nuc_cong__CCNB__CDK1_	Nucleus	0.6842719645	Deterministic
nuc_prot_i__CDC20_	Nucleus	71.16747301	Deterministic
nuc_prot_a__CDC20_	Nucleus	0.7301463448	Deterministic
nuc_prot__MPIP3_1_	Nucleus	9.403016576	Deterministic
nuc_prot__WEE1_1_	Nucleus	26.5188928	Deterministic
nuc_prot__pS123_WEE1_1_	Nucleus	16.74041512	Deterministic
nuc_cong__CCNB__CDK1__CDN1B_	Nucleus	0.08390062297	Deterministic
nuc_prot__CHK1_1_	Nucleus	0.1497720439	Deterministic
nuc_cong__RB__E2F_	Nucleus	8918.824124	Deterministic
nuc_cong__pT373_RB__E2F_	Nucleus	0.2991284689	Deterministic
nuc_prot__CDN1A_	Nucleus	20.87340931	Deterministic
nuc_cong__CCND__CDK4__CDN1A_	Nucleus	0.4826389818	Deterministic
nuc_cong__CCNE__CDK2__CDN1A_	Nucleus	0.2293282558	Deterministic
nuc_cong__CCNA__CDK2__CDN1A_	Nucleus	0.2622714049	Deterministic
nuc_cong__CCNB__CDK1__CDN1A_	Nucleus	0.01713970232	Deterministic
exc_prot__TNF10_1_	Extracellular	0.0	Deterministic
cyt_cong__TNFRSF10_	Cytoplasm	8.031117651	Deterministic
cyt_cong__TNF10_1__TNFRSF10_	Cytoplasm	0.0	Deterministic
cyt_cong_a__TNF10_1__TNFRSF10_	Cytoplasm	0.0	Deterministic
cyt_prot__CFLAR_1_	Cytoplasm	0.5259203514	Deterministic
cyt_cong_a__TNF10_1__TNFRSF10__CFLAR_1_	Cytoplasm	0.0	Deterministic
cyt_cong_i__CASP8_	Cytoplasm	26.5263809	Deterministic
cyt_cong_a__TNF10_1__TNFRSF10__CASP8_	Cytoplasm	0.0	Deterministic
cyt_cong_a__CASP8_	Cytoplasm	0.0005051866364	Deterministic
cyt_prot__BFAR_1_	Cytoplasm	0.8411539614	Deterministic
cyt_cong__CASP8__BFAR_1_	Cytoplasm	0.001306372322	Deterministic
cyt_cong_i__CASP3_	Cytoplasm	79.9328682	Deterministic
cyt_cong__CASP8__CASP3_	Cytoplasm	0.006376929866	Deterministic
cyt_cong_a__CASP3_	Cytoplasm	0.0002025657987	Deterministic
cyt_prot_i__CASP6_	Cytoplasm	47.67662922	Deterministic
cyt_cong__CASP3__CASP6_	Cytoplasm	3.05e-08	Deterministic
cyt_prot_a__CASP6_	Cytoplasm	0.0005733205948	Deterministic
cyt_cong__CASP6__CASP8_	Cytoplasm	1.44e-07	Deterministic
cyt_prot__XIAP_1_	Cytoplasm	5.269689424	Deterministic
cyt_prot__CASP3__XIAP_	Cytoplasm	6.68e-05	Deterministic
cyt_prot__PARP1_1_	Cytoplasm	639.6157705	Deterministic
cyt_cong__CASP3__PARP1_	Cytoplasm	4.06e-06	Deterministic
cyt_prot__cl_PARP1_	Cytoplasm	1.619665788	Deterministic
cyt_prot__BID_1_	Cytoplasm	50.47541201	Deterministic
cyt_cong__CASP8__BID_1_	Cytoplasm	7.31e-05	Deterministic
cyt_prot__cl_BID_1_	Cytoplasm	1.6e-06	Deterministic
cyt_cong__BCL2_	Cytoplasm	12.4806229	Deterministic
cyt_cong__cl_BID_1__BCL2_	Cytoplasm	5.62e-05	Deterministic
cyt_prot_i__BAX_1_	Cytoplasm	88.22685878	Deterministic
cyt_prot__cl_BID_1__BAX_1_	Cytoplasm	4.46e-08	Deterministic
cyt_prot_a__BAX_1_	Cytoplasm	0.0001441807424	Deterministic
mit_prot_a__BAX_1_	Mitochondria	0.001926774373	Deterministic
mit_cong__BCL2_	Mitochondria	1.780761749	Deterministic
mit_cong__BAX_1__BCL2_	Mitochondria	0.009670088024	Deterministic
mit_prot_a__BAX_1__BAX_1_	Mitochondria	0.0001173834856	Deterministic
mit_cong__BAX_1__BAX_1__BCL2_	Mitochondria	0.0005891237988	Deterministic
mit_prot_a__BAX_1__BAX_1__BAX_1__BAX_1_	Mitochondria	4.36e-07	Deterministic
mit_cong__BAX_1__BAX_1__BAX_1__BAX_1__BCL2_	Mitochondria	2.19e-06	Deterministic
mit_abs_i__pore_	Mitochondria	2259.969091	Deterministic
mit_abs__BAX_1__BAX_1__BAX_1__BAX_1__pore_	Mitochondria	3.11e-06	Deterministic
mit_abs_a__pore_	Mitochondria	0.0003110284153	Deterministic
mit_prot__CY1_	Mitochondria	15542.58969	Deterministic
mit_abs__pore__CY1_	Mitochondria	0.02779283998	Deterministic
mit_prot_i__CY1_	Mitochondria	0.2778550028	Deterministic
mit_prot__DBLOH_1_	Mitochondria	1450.93993	Deterministic
mit_abs__pore__DBLOH_1_	Mitochondria	0.002594531676	Deterministic
mit_prot_i__DBLOH_1_	Mitochondria	0.02083931858	Deterministic
cyt_prot__CY1_	Cytoplasm	0.01944728057	Deterministic
cyt_prot__APAF_1_	Cytoplasm	0.09689042078	Deterministic
cyt_prot__CY1__APAF_1_	Cytoplasm	2.98e-06	Deterministic
cyt_prot_a__APAF_1_	Cytoplasm	0.01099338724	Deterministic
cyt_prot__PCSK9_1_	Cytoplasm	3.457423761	Deterministic
cyt_prot_a__APAF_1__PCSK9_1_	Cytoplasm	0.003099873576	Deterministic
cyt_prot_a__APAF_1__PCSK9_1__CASP3_	Cytoplasm	0.003541869409	Deterministic
cyt_prot__DBLOH_1_	Cytoplasm	0.001101638753	Deterministic
cyt_prot_a__APAF_1__PCSK9_1__XIAP_	Cytoplasm	0.1004381305	Deterministic
cyt_prot__DBLOH_1__XIAP_	Cytoplasm	0.1249285759	Deterministic
cyt_cong__u_CASP3_	Cytoplasm	2.870304688	Deterministic
cyt_prot__BAD_1_	Cytoplasm	0.09507959995	Deterministic
cyt_prot__BBC3_1_	Cytoplasm	0.02909906781	Deterministic
cyt_prot__APR_1_	Cytoplasm	0.005557139906	Deterministic
cyt_cong__BCL2__BAD_	Cytoplasm	3.344393378	Deterministic
cyt_cong__BCL2__BBC3_1_	Cytoplasm	1.023550054	Deterministic
cyt_cong__BCL2__APR_1_	Cytoplasm	0.1943622176	Deterministic
cyt_prot__B2L11_1_	Cytoplasm	0.06038534651	Deterministic
cyt_prot__B2L11_1__BAX_1_	Cytoplasm	8.41e-08	Deterministic
cyt_cong__BCL2__B2L11_1_	Cytoplasm	2.124034525	Deterministic
cyt_cong__p_p_MAPK__B2L11_1_	Cytoplasm	0.0005970032356	Deterministic
cyt_prot__pS69_B2L11_1_	Cytoplasm	0.1058178115	Deterministic
cyt_cong__p_p_AKT__BAD_	Cytoplasm	3.36e-05	Deterministic
cyt_prot__p_BAD_	Cytoplasm	0.8912808864	Deterministic
cyt_cong__p_p_MAPK__BAD_	Cytoplasm	0.0009400569297	Deterministic
exc_prot__EGF_1_	Extracellular	0.0	Deterministic
exc_prot__NRG1_1_	Extracellular	0.0	Deterministic
exc_prot__HGF_1_	Extracellular	0.0	Deterministic
exc_prot__PDGFB_1_	Extracellular	0.0	Deterministic
exc_cong__FGF_	Extracellular	0.0	Deterministic
exc_cong__IGF_	Extracellular	0.0	Deterministic
exc_prot__INS_1_	Extracellular	0.0	Deterministic
cyt_prot__EGFR_1_	Cytoplasm	50.1219597	Deterministic
cyt_prot__pT693_EGFR_1_	Cytoplasm	4.954806943	Deterministic
cyt_prot__ERBB2_1_	Cytoplasm	3.805080167	Deterministic
cyt_prot__pT701_ERBB2_1_	Cytoplasm	0.3761707462	Deterministic
cyt_prot__ERBB3_1_	Cytoplasm	1.739750707	Deterministic
cyt_prot__ERBB4_1_	Cytoplasm	0.0	Deterministic
cyt_prot__pT699_ERBB4_1_	Cytoplasm	0.0	Deterministic
cyt_prot__MET_1_	Cytoplasm	8.573223223	Deterministic
cyt_cong__PGFRB_	Cytoplasm	0.2296760081	Deterministic
cyt_cong__FGFR_	Cytoplasm	0.1867129635	Deterministic
cyt_prot__IGF1R_1_	Cytoplasm	0.02181478989	Deterministic
cyt_prot__INSR_1_	Cytoplasm	0.02979621395	Deterministic
cyt_prot__EGFR_1__EGFR_1_	Cytoplasm	2.512172788	Deterministic
cyt_prot__EGFR_1__ERBB2_1_	Cytoplasm	0.1907151857	Deterministic
cyt_prot__EGFR_1__ERBB3_1_	Cytoplasm	0.08719839388	Deterministic
cyt_prot__EGFR_1__ERBB4_1_	Cytoplasm	0.0	Deterministic
cyt_prot__ERBB2_1__ERBB2_1_	Cytoplasm	0.01447848456	Deterministic
cyt_prot__ERBB2_1__ERBB3_1_	Cytoplasm	0.006619809285	Deterministic
cyt_prot__ERBB2_1__ERBB4_1_	Cytoplasm	0.0	Deterministic
cyt_prot__ERBB3_1__ERBB4_1_	Cytoplasm	0.0	Deterministic
cyt_prot__ERBB4_1__ERBB4_1_	Cytoplasm	0.0	Deterministic
cyt_prot__MET_1__MET_1_	Cytoplasm	0.07349967525	Deterministic
cyt_cong__FGFR__FGFR_	Cytoplasm	3.49e-05	Deterministic
cyt_prot__IGF1R__IGF1R_	Cytoplasm	0.7268990861	Deterministic
cyt_prot__INSR_1__INSR_1_	Cytoplasm	0.3089398557	Deterministic
cyt_prot__EGF_1__EGFR_1_	Cytoplasm	0.0	Deterministic
cyt_prot__NRG1_1__ERBB3_1_	Cytoplasm	0.0	Deterministic
cyt_prot__NRG1_1__ERBB4_1_	Cytoplasm	0.0	Deterministic
cyt_prot__HGF_1__MET_1_	Cytoplasm	0.0	Deterministic
cyt_cong__PDGFB_1__PGFRB_	Cytoplasm	0.0	Deterministic
cyt_cong__FGF__FGFR_	Cytoplasm	0.0	Deterministic
cyt_prot__EGF_1__EGFR_1__ERBB2_1_	Cytoplasm	0.0	Deterministic
cyt_prot__EGF_1__EGFR_1__EGFR_1_	Cytoplasm	0.0	Deterministic
cyt_prot__EGF_1__EGFR_1__ERBB3_1_	Cytoplasm	0.0	Deterministic
cyt_prot__EGF_1__EGFR_1__ERBB4_1_	Cytoplasm	0.0	Deterministic
cyt_prot__ERBB2_1__NRG1_1__ERBB3_1_	Cytoplasm	0.0	Deterministic
cyt_prot__EGFR_1__NRG1_1__ERBB3_1_	Cytoplasm	0.0	Deterministic
cyt_prot__NRG1_1__ERBB3_1__ERBB3_1_	Cytoplasm	0.0	Deterministic
cyt_prot__NRG1_1__ERBB3_1__ERBB4_1_	Cytoplasm	0.0	Deterministic
cyt_prot__ERBB2_1__NRG1_1__ERBB4_1_	Cytoplasm	0.0	Deterministic
cyt_prot__EGFR_1__NRG1_1__ERBB4_1_	Cytoplasm	0.0	Deterministic
cyt_prot__ERBB3_1__NRG1_1__ERBB4_1_	Cytoplasm	0.0	Deterministic
cyt_prot__NRG1_1__ERBB4_1__ERBB4_1_	Cytoplasm	0.0	Deterministic
cyt_prot__HGF_1__MET_1__MET_1_	Cytoplasm	0.0	Deterministic
cyt_cong__PDGFB_1__PGFRB__PGFRB_	Cytoplasm	0.0	Deterministic
cyt_cong__FGF__FGFR__FGFR_	Cytoplasm	0.0	Deterministic
cyt_cong__IGF__IGF1R__IGF1R_	Cytoplasm	0.0	Deterministic
cyt_prot__INS_1__INSR_1__INSR_1_	Cytoplasm	0.0	Deterministic
cyt_prot__EGF_1__EGFR_1__EGF_1__EGFR_1_	Cytoplasm	0.0	Deterministic
cyt_prot__EGF_1__EGFR_1__NRG1_1__ERBB3_1_	Cytoplasm	0.0	Deterministic
cyt_prot__EGF_1__EGFR_1__NRG1_1__ERBB4_1_	Cytoplasm	0.0	Deterministic
cyt_prot__NRG1_1__ERBB3_1__NRG1_1__ERBB3_1_	Cytoplasm	0.0	Deterministic
cyt_prot__NRG1_1__ERBB3_1__NRG1_1__ERBB4_1_	Cytoplasm	0.0	Deterministic
cyt_prot__NRG1_1__ERBB4_1__NRG1_1__ERBB4_1_	Cytoplasm	0.0	Deterministic
cyt_prot__HGF_1__MET_1__HGF_1__MET_1_	Cytoplasm	0.0	Deterministic
cyt_cong__PDGFB_1__PGFRB__PDGFB_1__PGFRB_	Cytoplasm	0.0	Deterministic
cyt_cong__FGF__FGFR__FGF__FGFR_	Cytoplasm	0.0	Deterministic
cyt_cong__IGF__IGF1R__IGF__IGF1R_	Cytoplasm	0.0	Deterministic
cyt_prot__INS_1__INSR_1__INS_1__INSR_1_	Cytoplasm	0.0	Deterministic
cyt_cong__EGFR_1__p_p_MAPK_	Cytoplasm	0.4955557535	Deterministic
cyt_cong__ERBB2_1__p_p_MAPK_	Cytoplasm	0.03762098543	Deterministic
cyt_cong__ERBB4_1__p_p_MAPK_	Cytoplasm	0.0	Deterministic
cyt_prot__EGF_1__pY992_pY1068_pY1086_pY1148_pY1174_EGFR_1__pY1196_pY1222_pY1248_ERBB2_1_	Cytoplasm	0.0	Deterministic
cyt_prot__EGF_1__pY992_pY1068_pY1086_pY1148_pY1174_pY992_pY1068_pY1086_pY1148_pY1174_EGFR_1__pY992_pY1068_pY1086_pY1148_pY1174_pY992_pY1068_pY1086_pY1148_pY1174_EGFR_1_	Cytoplasm	0.0	Deterministic
cyt_prot__EGF_1__pY992_pY1068_pY1086_pY1148_pY1174_pY992_pY1068_pY1086_pY1148_pY1174_EGFR_1__EGF_1__pY992_pY1068_pY1086_pY1148_pY1174_pY992_pY1068_pY1086_pY1148_pY1174_EGFR_1_	Cytoplasm	0.0	Deterministic
cyt_prot__EGF_1__pY992_pY1068_pY1086_pY1148_pY1174_EGFR_1__ERBB3_1_	Cytoplasm	0.0	Deterministic
cyt_prot__EGF_1__pY992_pY1068_pY1086_pY1148_pY1174_EGFR_1__NRG1_1__ERBB3_1_	Cytoplasm	0.0	Deterministic
cyt_prot__EGF_1__pY992_pY1068_pY1086_pY1148_pY1174_EGFR_1__pY1056_pY1162_pY1284_ERBB4_1_	Cytoplasm	0.0	Deterministic
cyt_prot__EGF_1__pY992_pY1068_pY1086_pY1148_pY1174_EGFR_1__NRG1_1__pY1056_pY1162_pY1284_ERBB4_1_	Cytoplasm	0.0	Deterministic
cyt_prot__pY1196_pY1222_pY1248_ERBB2_1__NRG1_1__ERBB3_1_	Cytoplasm	0.0	Deterministic
cyt_prot__pY992_pY1068_pY1086_pY1148_pY1174_EGFR_1__NRG1_1__ERBB3_1_	Cytoplasm	0.0	Deterministic
cyt_prot__NRG1_1__ERBB3_1__pY1056_pY1162_pY1284_ERBB4_1_	Cytoplasm	0.0	Deterministic
cyt_prot__NRG1_1__ERBB3_1__NRG1_1__pY1056_pY1162_pY1284_ERBB4_1_	Cytoplasm	0.0	Deterministic
cyt_prot__pY1196_pY1222_pY1248_ERBB2_1__NRG1_1__pY1056_pY1162_pY1284_ERBB4_1_	Cytoplasm	0.0	Deterministic
cyt_prot__pY992_pY1068_pY1086_pY1148_pY1174_EGFR_1__NRG1_1__pY1056_pY1162_pY1284_ERBB4_1_	Cytoplasm	0.0	Deterministic
cyt_prot__ERBB3_1__NRG1_1__pY1056_pY1162_pY1284_ERBB4_1_	Cytoplasm	0.0	Deterministic
cyt_prot__NRG1_1__pY1056_pY1162_pY1284_pY1056_pY1162_pY1284_ERBB4_1__pY1056_pY1162_pY1284_pY1056_pY1162_pY1284_ERBB4_1_	Cytoplasm	0.0	Deterministic
cyt_prot__NRG1_1__pY1056_pY1162_pY1284_pY1056_pY1162_pY1284_ERBB4_1__NRG1_1__pY1056_pY1162_pY1284_pY1056_pY1162_pY1284_ERBB4_1_	Cytoplasm	0.0	Deterministic
cyt_prot__HGF_1__pY1234_pY1235_pY1234_pY1235_MET_1__pY1234_pY1235_pY1234_pY1235_MET_1_	Cytoplasm	0.0	Deterministic
cyt_prot__HGF_1__pY1234_pY1235_pY1234_pY1235_MET_1__HGF_1__pY1234_pY1235_pY1234_pY1235_MET_1_	Cytoplasm	0.0	Deterministic
cyt_cong__PDGFB_1__p_PGFRB__PDGFB_1__p_PGFRB_	Cytoplasm	0.0	Deterministic
cyt_cong__PDGFB_1__p_PGFRB__p_PGFRB_	Cytoplasm	0.0	Deterministic
cyt_cong__FGF__p_FGFR__FGF__p_FGFR_	Cytoplasm	0.0	Deterministic
cyt_cong__FGF__p_FGFR__p_FGFR_	Cytoplasm	0.0	Deterministic
cyt_cong__IGF__pY980_pS982_pY1161_pY1165_pY1166_pY1280_pY1281_pY980_pS982_pY1161_pY1165_pY1166_pY1280_pY1281_IGF1R__pY980_pS982_pY1161_pY1165_pY1166_pY1280_pY1281_pY980_pS982_pY1161_pY1165_pY1166_pY1280_pY1281_IGF1R_	Cytoplasm	0.0	Deterministic
cyt_prot__INS_1__pY992_pY999_pY1011_pY1185_pY1189_pY1190_pY1314_pY1348_pY1355_pY992_pY999_pY1011_pY1185_pY1189_pY1190_pY1314_pY1348_pY1355_INSR_1__pY992_pY999_pY1011_pY1185_pY1189_pY1190_pY1314_pY1348_pY1355_pY992_pY999_pY1011_pY1185_pY1189_pY1190_pY1314_pY1348_pY1355_INSR_1_	Cytoplasm	0.0	Deterministic
cyt_cong__IGF__pY980_pS982_pY1161_pY1165_pY1166_pY1280_pY1281_pY980_pS982_pY1161_pY1165_pY1166_pY1280_pY1281_IGF1R__pY980_pS982_pY1161_pY1165_pY1166_pY1280_pY1281_pY980_pS982_pY1161_pY1165_pY1166_pY1280_pY1281_IGF1R__IGF_	Cytoplasm	0.0	Deterministic
cyt_prot__INS_1__pY992_pY999_pY1011_pY1185_pY1189_pY1190_pY1314_pY1348_pY1355_pY992_pY999_pY1011_pY1185_pY1189_pY1190_pY1314_pY1348_pY1355_INSR_1__pY992_pY999_pY1011_pY1185_pY1189_pY1190_pY1314_pY1348_pY1355_pY992_pY999_pY1011_pY1185_pY1189_pY1190_pY1314_pY1348_pY1355_INSR_1__INS_1_	Cytoplasm	0.0	Deterministic
cyt_cong__IGF__pY980_pS982_pY1161_pY1165_pY1166_pY1280_pY1281_pY980_pS982_pY1161_pY1165_pY1166_pY1280_pY1281_IGF1R__pY980_pS982_pY1161_pY1165_pY1166_pY1280_pY1281_pY980_pS982_pY1161_pY1165_pY1166_pY1280_pY1281_IGF1R__IRS_	Cytoplasm	0.0	Deterministic
cyt_cong__INS_1__pY992_pY999_pY1011_pY1185_pY1189_pY1190_pY1314_pY1348_pY1355_pY992_pY999_pY1011_pY1185_pY1189_pY1190_pY1314_pY1348_pY1355_INSR_1__pY992_pY999_pY1011_pY1185_pY1189_pY1190_pY1314_pY1348_pY1355_pY992_pY999_pY1011_pY1185_pY1189_pY1190_pY1314_pY1348_pY1355_INSR_1__IRS_	Cytoplasm	0.0	Deterministic
cyt_cong__IGF__pY980_pS982_pY1161_pY1165_pY1166_pY1280_pY1281_pY980_pS982_pY1161_pY1165_pY1166_pY1280_pY1281_IGF1R__pY980_pS982_pY1161_pY1165_pY1166_pY1280_pY1281_pY980_pS982_pY1161_pY1165_pY1166_pY1280_pY1281_IGF1R__IGF__IRS_	Cytoplasm	0.0	Deterministic
cyt_cong__INS_1__pY992_pY999_pY1011_pY1185_pY1189_pY1190_pY1314_pY1348_pY1355_pY992_pY999_pY1011_pY1185_pY1189_pY1190_pY1314_pY1348_pY1355_INSR_1__pY992_pY999_pY1011_pY1185_pY1189_pY1190_pY1314_pY1348_pY1355_pY992_pY999_pY1011_pY1185_pY1189_pY1190_pY1314_pY1348_pY1355_INSR_1__INS_1__IRS_	Cytoplasm	0.0	Deterministic
cyt_prot__SPY2__EGF_1__EGFR_1__ERBB2_1_	Cytoplasm	0.0	Deterministic
cyt_prot__SPY2__EGF_1__EGFR_1__EGFR_1_	Cytoplasm	0.0	Deterministic
cyt_prot__SPY2__EGF_1__EGFR_1__EGF_1__EGFR_1_	Cytoplasm	0.0	Deterministic
cyt_prot__SPY2__EGF_1__EGFR_1__ERBB3_1_	Cytoplasm	0.0	Deterministic
cyt_prot__SPY2__EGF_1__EGFR_1__NRG1_1__ERBB3_1_	Cytoplasm	0.0	Deterministic
cyt_prot__SPY2__EGF_1__EGFR_1__ERBB4_1_	Cytoplasm	0.0	Deterministic
cyt_prot__SPY2__EGF_1__EGFR_1__NRG1_1__ERBB4_1_	Cytoplasm	0.0	Deterministic
cyt_prot__SPY2__ERBB2_1__NRG1_1__ERBB3_1_	Cytoplasm	0.0	Deterministic
cyt_prot__SPY2__EGFR_1__NRG1_1__ERBB3_1_	Cytoplasm	0.0	Deterministic
cyt_prot__SPY2__NRG1_1__ERBB3_1__ERBB4_1_	Cytoplasm	0.0	Deterministic
cyt_prot__SPY2__NRG1_1__ERBB3_1__NRG1_1__ERBB4_1_	Cytoplasm	0.0	Deterministic
cyt_prot__SPY2__ERBB2_1__NRG1_1__ERBB4_1_	Cytoplasm	0.0	Deterministic
cyt_prot__SPY2__EGFR_1__NRG1_1__ERBB4_1_	Cytoplasm	0.0	Deterministic
cyt_prot__SPY2__ERBB3_1__NRG1_1__ERBB4_1_	Cytoplasm	0.0	Deterministic
cyt_prot__SPY2__NRG1_1__ERBB4_1__ERBB4_1_	Cytoplasm	0.0	Deterministic
cyt_prot__SPY2__NRG1_1__ERBB4_1__NRG1_1__ERBB4_1_	Cytoplasm	0.0	Deterministic
cyt_prot__SPY2__HGF_1__MET_1__MET_1_	Cytoplasm	0.0	Deterministic
cyt_prot__SPY2__HGF_1__MET_1__HGF_1__MET_1_	Cytoplasm	0.0	Deterministic
cyt_cong__SPY2__PDGFB_1__PGFRB__PDGFB_1__PGFRB_	Cytoplasm	0.0	Deterministic
cyt_cong__SPY2__PDGFB_1__PGFRB__PGFRB_	Cytoplasm	0.0	Deterministic
cyt_cong__SPY2__FGF__FGFR__FGF__FGFR_	Cytoplasm	0.0	Deterministic
cyt_cong__SPY2__FGF__FGFR__FGFR_	Cytoplasm	0.0	Deterministic
cyt_cong__SPY2__IGF__IGF1R__IGF1R_	Cytoplasm	0.0	Deterministic
cyt_prot__SPY2__INS_1__INSR_1__INSR_1_	Cytoplasm	0.0	Deterministic
cyt_cong__SPY2__IGF__IGF1R__IGF1R__IGF_	Cytoplasm	0.0	Deterministic
cyt_prot__SPY2__INS_1__INSR_1__INSR_1__INS_1_	Cytoplasm	0.0	Deterministic
cyt_prot_in__EGF_1__EGFR_1__ERBB2_1_	Cytoplasm	0.0	Deterministic
cyt_prot_in__EGF_1__EGFR_1__EGFR_1_	Cytoplasm	0.0	Deterministic
cyt_prot_in__EGF_1__EGFR_1__EGF_1__EGFR_1_	Cytoplasm	0.0	Deterministic
cyt_prot_in__EGF_1__EGFR_1__ERBB3_1_	Cytoplasm	0.0	Deterministic
cyt_prot_in__EGF_1__EGFR_1__NRG1_1__ERBB3_1_	Cytoplasm	0.0	Deterministic
cyt_prot_in__EGF_1__EGFR_1__ERBB4_1_	Cytoplasm	0.0	Deterministic
cyt_prot_in__EGF_1__EGFR_1__NRG1_1__ERBB4_1_	Cytoplasm	0.0	Deterministic
cyt_prot_in__ERBB2_1__NRG1_1__ERBB3_1_	Cytoplasm	0.0	Deterministic
cyt_prot_in__EGFR_1__NRG1_1__ERBB3_1_	Cytoplasm	0.0	Deterministic
cyt_prot_in__NRG1_1__ERBB3_1__ERBB4_1_	Cytoplasm	0.0	Deterministic
cyt_prot_in__NRG1_1__ERBB3_1__NRG1_1__ERBB4_1_	Cytoplasm	0.0	Deterministic
cyt_prot_in__ERBB2_1__NRG1_1__ERBB4_1_	Cytoplasm	0.0	Deterministic
cyt_prot_in__EGFR_1__NRG1_1__ERBB4_1_	Cytoplasm	0.0	Deterministic
cyt_prot_in__ERBB3_1__NRG1_1__ERBB4_1_	Cytoplasm	0.0	Deterministic
cyt_prot_in__NRG1_1__ERBB4_1__ERBB4_1_	Cytoplasm	0.0	Deterministic
cyt_prot_in__NRG1_1__ERBB4_1__NRG1_1__ERBB4_1_	Cytoplasm	0.0	Deterministic
cyt_prot_in__HGF_1__MET_1__MET_1_	Cytoplasm	0.0	Deterministic
cyt_prot_in__HGF_1__MET_1__HGF_1__MET_1_	Cytoplasm	0.0	Deterministic
cyt_cong_in__PDGFB_1__PGFRB__PDGFB_1__PGFRB_	Cytoplasm	0.0	Deterministic
cyt_cong_in__PDGFB_1__PGFRB__PGFRB_	Cytoplasm	0.0	Deterministic
cyt_cong_in__FGF__FGFR__FGF__FGFR_	Cytoplasm	0.0	Deterministic
cyt_cong_in__FGF__FGFR__FGFR_	Cytoplasm	0.0	Deterministic
cyt_cong_in__IGF__IGF1R__IGF1R_	Cytoplasm	0.0	Deterministic
cyt_prot_in__INS_1__INSR_1__INSR_1_	Cytoplasm	0.0	Deterministic
cyt_cong_in__IGF__IGF1R__IGF1R__IGF_	Cytoplasm	0.0	Deterministic
cyt_prot_in__INS_1__INSR_1__INSR_1__INS_1_	Cytoplasm	0.0	Deterministic
cyt_prot_in__EGF_1__pY992_pY1068_pY1086_pY1148_pY1174_EGFR_1__pY1196_pY1222_pY1248_ERBB2_1_	Cytoplasm	0.0	Deterministic
cyt_prot_in__EGF_1__pY992_pY1068_pY1086_pY1148_pY1174_pY992_pY1068_pY1086_pY1148_pY1174_EGFR_1__pY992_pY1068_pY1086_pY1148_pY1174_pY992_pY1068_pY1086_pY1148_pY1174_EGFR_1_	Cytoplasm	0.0	Deterministic
cyt_prot_in__EGF_1__pY992_pY1068_pY1086_pY1148_pY1174_pY992_pY1068_pY1086_pY1148_pY1174_EGFR_1__EGF_1__pY992_pY1068_pY1086_pY1148_pY1174_pY992_pY1068_pY1086_pY1148_pY1174_EGFR_1_	Cytoplasm	0.0	Deterministic
cyt_prot_in__EGF_1__pY992_pY1068_pY1086_pY1148_pY1174_EGFR_1__ERBB3_1_	Cytoplasm	0.0	Deterministic
cyt_prot_in__EGF_1__pY992_pY1068_pY1086_pY1148_pY1174_EGFR_1__NRG1_1__ERBB3_1_	Cytoplasm	0.0	Deterministic
cyt_prot_in__EGF_1__pY992_pY1068_pY1086_pY1148_pY1174_EGFR_1__pY1056_pY1162_pY1284_ERBB4_1_	Cytoplasm	0.0	Deterministic
cyt_prot_in__EGF_1__pY992_pY1068_pY1086_pY1148_pY1174_EGFR_1__NRG1_1__pY1056_pY1162_pY1284_ERBB4_1_	Cytoplasm	0.0	Deterministic
cyt_prot_in_pY1196_pY1222_pY1248_ERBB2_1__NRG1_1_ERBB3_1_	Cytoplasm	0.0	Deterministic
cyt_prot_in_pY992_pY1068_pY1086_pY1148_pY1174_EGFR_1__NRG1_1_ERBB3_1_	Cytoplasm	0.0	Deterministic
cyt_prot_in__NRG1_1__ERBB3_1__pY1056_pY1162_pY1284_ERBB4_1_	Cytoplasm	0.0	Deterministic
cyt_prot_in__NRG1_1__ERBB3_1__NRG1_1__pY1056_pY1162_pY1284_ERBB4_1_	Cytoplasm	0.0	Deterministic
cyt_prot_in__pY1196_pY1222_pY1248_ERBB2_1__NRG1_1__pY1056_pY1162_pY1284_ERBB4_1_	Cytoplasm	0.0	Deterministic
cyt_prot_in__pY992_pY1068_pY1086_pY1148_pY1174_EGFR_1__NRG1_1__pY1056_pY1162_pY1284_ERBB4_1_	Cytoplasm	0.0	Deterministic
cyt_prot_in__ERBB3_1__NRG1_1__pY1056_pY1162_pY1284_ERBB4_1_	Cytoplasm	0.0	Deterministic
cyt_prot_in__NRG1_1__pY1056_pY1162_pY1284_pY1056_pY1162_pY1284_ERBB4_1__pY1056_pY1162_pY1284_pY1056_pY1162_pY1284_ERBB4_1_	Cytoplasm	0.0	Deterministic
cyt_prot_in__NRG1_1__pY1056_pY1162_pY1284_pY1056_pY1162_pY1284_ERBB4_1__NRG1_1__pY1056_pY1162_pY1284_pY1056_pY1162_pY1284_ERBB4_1_	Cytoplasm	0.0	Deterministic
cyt_prot_in__HGF_1__pY1234_pY1235_pY1234_pY1235_MET_1__pY1234_pY1235_pY1234_pY1235_MET_1_	Cytoplasm	0.0	Deterministic
cyt_prot_in__HGF_1__pY1234_pY1235_pY1234_pY1235_MET_1__HGF_1__pY1234_pY1235_pY1234_pY1235_MET_1_	Cytoplasm	0.0	Deterministic
cyt_cong_in__PDGFB_1__p_PGFRB__PDGFB_1__p_PGFRB_	Cytoplasm	0.0	Deterministic
cyt_cong_in__PDGFB_1__p_PGFRB__p_PGFRB_	Cytoplasm	0.0	Deterministic
cyt_cong_in__FGF__p_FGFR__FGF__p_FGFR_	Cytoplasm	0.0	Deterministic
cyt_cong_in__FGF__p_FGFR__p_FGFR_	Cytoplasm	0.0	Deterministic
cyt_cong_in__IGF__pY980_pS982_pY1161_pY1165_pY1166_pY1280_pY1281_pY980_pS982_pY1161_pY1165_pY1166_pY1280_pY1281_IGF1R__pY980_pS982_pY1161_pY1165_pY1166_pY1280_pY1281_pY980_pS982_pY1161_pY1165_pY1166_pY1280_pY1281_IGF1R_	Cytoplasm	0.0	Deterministic
cyt_prot_in__INS_1__pY992_pY999_pY1011_pY1185_pY1189_pY1190_pY1314_pY1348_pY1355_pY992_pY999_pY1011_pY1185_pY1189_pY1190_pY1314_pY1348_pY1355_INSR_1__pY992_pY999_pY1011_pY1185_pY1189_pY1190_pY1314_pY1348_pY1355_pY992_pY999_pY1011_pY1185_pY1189_pY1190_pY1314_pY1348_pY1355_INSR_1_	Cytoplasm	0.0	Deterministic
cyt_cong_in__IGF__pY980_pS982_pY1161_pY1165_pY1166_pY1280_pY1281_pY980_pS982_pY1161_pY1165_pY1166_pY1280_pY1281_IGF1R__pY980_pS982_pY1161_pY1165_pY1166_pY1280_pY1281_pY980_pS982_pY1161_pY1165_pY1166_pY1280_pY1281_IGF1R__IGF_	Cytoplasm	0.0	Deterministic
cyt_prot_in__INS_1__pY992_pY999_pY1011_pY1185_pY1189_pY1190_pY1314_pY1348_pY1355_pY992_pY999_pY1011_pY1185_pY1189_pY1190_pY1314_pY1348_pY1355_INSR_1__pY992_pY999_pY1011_pY1185_pY1189_pY1190_pY1314_pY1348_pY1355_pY992_pY999_pY1011_pY1185_pY1189_pY1190_pY1314_pY1348_pY1355_INSR_1__INS_1_	Cytoplasm	0.0	Deterministic
cyt_cong_in__IGF__pY980_pS982_pY1161_pY1165_pY1166_pY1280_pY1281_pY980_pS982_pY1161_pY1165_pY1166_pY1280_pY1281_IGF1R__pY980_pS982_pY1161_pY1165_pY1166_pY1280_pY1281_pY980_pS982_pY1161_pY1165_pY1166_pY1280_pY1281_IGF1R__IRS_	Cytoplasm	0.0	Deterministic
cyt_cong_in__INS_1__pY992_pY999_pY1011_pY1185_pY1189_pY1190_pY1314_pY1348_pY1355_pY992_pY999_pY1011_pY1185_pY1189_pY1190_pY1314_pY1348_pY1355_INSR_1__pY992_pY999_pY1011_pY1185_pY1189_pY1190_pY1314_pY1348_pY1355_pY992_pY999_pY1011_pY1185_pY1189_pY1190_pY1314_pY1348_pY1355_INSR_1__IRS_	Cytoplasm	0.0	Deterministic
cyt_cong_in__IGF__pY980_pS982_pY1161_pY1165_pY1166_pY1280_pY1281_pY980_pS982_pY1161_pY1165_pY1166_pY1280_pY1281_IGF1R__pY980_pS982_pY1161_pY1165_pY1166_pY1280_pY1281_pY980_pS982_pY1161_pY1165_pY1166_pY1280_pY1281_IGF1R__IGF__IRS_	Cytoplasm	0.0	Deterministic
cyt_cong_in__INS_1__pY992_pY999_pY1011_pY1185_pY1189_pY1190_pY1314_pY1348_pY1355_pY992_pY999_pY1011_pY1185_pY1189_pY1190_pY1314_pY1348_pY1355_INSR_1__pY992_pY999_pY1011_pY1185_pY1189_pY1190_pY1314_pY1348_pY1355_pY992_pY999_pY1011_pY1185_pY1189_pY1190_pY1314_pY1348_pY1355_INSR_1__INS_1__IRS_	Cytoplasm	0.0	Deterministic
cyt_prot__EGF_1__pY992_pY1068_pY1086_pY1148_pY1174_EGFR_1__pY1196_pY1222_pY1248_ERBB2_1__GRB2__SOS1_1_	Cytoplasm	0.0	Deterministic
cyt_prot__EGF_1__pY992_pY1068_pY1086_pY1148_pY1174_pY992_pY1068_pY1086_pY1148_pY1174_EGFR_1__pY992_pY1068_pY1086_pY1148_pY1174_pY992_pY1068_pY1086_pY1148_pY1174_EGFR_1__GRB2__SOS1_1_	Cytoplasm	0.0	Deterministic
cyt_prot__EGF_1__pY992_pY1068_pY1086_pY1148_pY1174_pY992_pY1068_pY1086_pY1148_pY1174_EGFR_1__EGF_1__pY992_pY1068_pY1086_pY1148_pY1174_pY992_pY1068_pY1086_pY1148_pY1174_EGFR_1__GRB2__SOS1_1_	Cytoplasm	0.0	Deterministic
cyt_prot__EGF_1__pY992_pY1068_pY1086_pY1148_pY1174_EGFR_1__ERBB3_1__GRB2__SOS1_1_	Cytoplasm	0.0	Deterministic
cyt_prot__EGF_1__pY992_pY1068_pY1086_pY1148_pY1174_EGFR_1__NRG1_1__ERBB3_1__GRB2__SOS1_1_	Cytoplasm	0.0	Deterministic
cyt_prot__EGF_1__pY992_pY1068_pY1086_pY1148_pY1174_EGFR_1__pY1056_pY1162_pY1284_ERBB4_1__GRB2__SOS1_1_	Cytoplasm	0.0	Deterministic
cyt_prot__EGF_1__pY992_pY1068_pY1086_pY1148_pY1174_EGFR_1__NRG1_1__pY1056_pY1162_pY1284_ERBB4_1__GRB2__SOS1_1_	Cytoplasm	0.0	Deterministic
cyt_prot__pY1196_pY1222_pY1248_ERBB2_1__NRG1_1__ERBB3_1__GRB2__SOS1_1_	Cytoplasm	0.0	Deterministic
cyt_prot__pY992_pY1068_pY1086_pY1148_pY1174_EGFR_1__NRG1_1__ERBB3_1__GRB2__SOS1_1_	Cytoplasm	0.0	Deterministic
cyt_prot__NRG1_1__ERBB3_1__pY1056_pY1162_pY1284_ERBB4_1__GRB2__SOS1_1_	Cytoplasm	0.0	Deterministic
cyt_prot__NRG1_1__ERBB3_1__NRG1_1__pY1056_pY1162_pY1284_ERBB4_1__GRB2__SOS1_1_	Cytoplasm	0.0	Deterministic
cyt_prot__pY1196_pY1222_pY1248_ERBB2_1__NRG1_1__pY1056_pY1162_pY1284_ERBB4_1__GRB2__SOS1_1_	Cytoplasm	0.0	Deterministic
cyt_prot__pY992_pY1068_pY1086_pY1148_pY1174_EGFR_1__NRG1_1__pY1056_pY1162_pY1284_ERBB4_1__GRB2__SOS1_1_	Cytoplasm	0.0	Deterministic
cyt_prot__ERBB3_1__NRG1_1__pY1056_pY1162_pY1284_ERBB4_1__GRB2__SOS1_1_	Cytoplasm	0.0	Deterministic
cyt_prot__NRG1_1__pY1056_pY1162_pY1284_pY1056_pY1162_pY1284_ERBB4_1__pY1056_pY1162_pY1284_pY1056_pY1162_pY1284_ERBB4_1__GRB2__SOS1_1_	Cytoplasm	0.0	Deterministic
cyt_prot__NRG1_1__pY1056_pY1162_pY1284_pY1056_pY1162_pY1284_ERBB4_1__NRG1_1__pY1056_pY1162_pY1284_pY1056_pY1162_pY1284_ERBB4_1__GRB2__SOS1_1_	Cytoplasm	0.0	Deterministic
cyt_prot__HGF_1__pY1234_pY1235_pY1234_pY1235_MET_1__pY1234_pY1235_pY1234_pY1235_MET_1__GRB2__SOS1_1_	Cytoplasm	0.0	Deterministic
cyt_prot__HGF_1__pY1234_pY1235_pY1234_pY1235_MET_1__HGF_1__pY1234_pY1235_pY1234_pY1235_MET_1__GRB2__SOS1_1_	Cytoplasm	0.0	Deterministic
cyt_cong__PDGFB_1__PGFRB__PDGFB_1__PGFRB__GRB2__SOS1_1_	Cytoplasm	0.0	Deterministic
cyt_cong__PDGFB_1__PGFRB__PGFRB__GRB2__SOS1_1_	Cytoplasm	0.0	Deterministic
cyt_cong__FGF__FGFR__FGF__FGFR__GRB2__SOS1_1_	Cytoplasm	0.0	Deterministic
cyt_cong__FGF__FGFR__FGFR__GRB2__SOS1_1_	Cytoplasm	0.0	Deterministic
cyt_cong__IGF__pY980_pS982_pY1161_pY1165_pY1166_pY1280_pY1281_pY980_pS982_pY1161_pY1165_pY1166_pY1280_pY1281_IGF1R__pY980_pS982_pY1161_pY1165_pY1166_pY1280_pY1281_pY980_pS982_pY1161_pY1165_pY1166_pY1280_pY1281_IGF1R__IRS__GRB2__SOS1_1_	Cytoplasm	0.0	Deterministic
cyt_cong__INS_1__pY992_pY999_pY1011_pY1185_pY1189_pY1190_pY1314_pY1348_pY1355_pY992_pY999_pY1011_pY1185_pY1189_pY1190_pY1314_pY1348_pY1355_INSR_1__pY992_pY999_pY1011_pY1185_pY1189_pY1190_pY1314_pY1348_pY1355_pY992_pY999_pY1011_pY1185_pY1189_pY1190_pY1314_pY1348_pY1355_INSR_1__IRS__GRB2__SOS1_1_	Cytoplasm	0.0	Deterministic
cyt_cong__IGF__pY980_pS982_pY1161_pY1165_pY1166_pY1280_pY1281_pY980_pS982_pY1161_pY1165_pY1166_pY1280_pY1281_IGF1R__pY980_pS982_pY1161_pY1165_pY1166_pY1280_pY1281_pY980_pS982_pY1161_pY1165_pY1166_pY1280_pY1281_IGF1R__IGF__IRS__GRB2__SOS1_1_	Cytoplasm	0.0	Deterministic
cyt_cong__INS_1__pY992_pY999_pY1011_pY1185_pY1189_pY1190_pY1314_pY1348_pY1355_pY992_pY999_pY1011_pY1185_pY1189_pY1190_pY1314_pY1348_pY1355_INSR_1__pY992_pY999_pY1011_pY1185_pY1189_pY1190_pY1314_pY1348_pY1355_pY992_pY999_pY1011_pY1185_pY1189_pY1190_pY1314_pY1348_pY1355_INSR_1__INS_1__IRS__GRB2__SOS1_1_	Cytoplasm	0.0	Deterministic
cyt_prot_in__EGF_1__pY992_pY1068_pY1086_pY1148_pY1174_EGFR_1__pY1196_pY1222_pY1248_ERBB2_1__GRB2__SOS1_1_	Cytoplasm	0.0	Deterministic
cyt_prot_in__EGF_1__pY992_pY1068_pY1086_pY1148_pY1174_pY992_pY1068_pY1086_pY1148_pY1174_EGFR_1__pY992_pY1068_pY1086_pY1148_pY1174_pY992_pY1068_pY1086_pY1148_pY1174_EGFR_1__GRB2__SOS1_1_	Cytoplasm	0.0	Deterministic
cyt_prot_in__EGF_1__pY992_pY1068_pY1086_pY1148_pY1174_pY992_pY1068_pY1086_pY1148_pY1174_EGFR_1__EGF_1__pY992_pY1068_pY1086_pY1148_pY1174_pY992_pY1068_pY1086_pY1148_pY1174_EGFR_1__GRB2__SOS1_1_	Cytoplasm	0.0	Deterministic
cyt_prot_in__EGF_1__pY992_pY1068_pY1086_pY1148_pY1174_EGFR_1__ERBB3_1__GRB2__SOS1_1_	Cytoplasm	0.0	Deterministic
cyt_prot_in__EGF_1__pY992_pY1068_pY1086_pY1148_pY1174_EGFR_1__NRG1_1__ERBB3_1__GRB2__SOS1_1_	Cytoplasm	0.0	Deterministic
cyt_prot_in__EGF_1__pY992_pY1068_pY1086_pY1148_pY1174_EGFR_1__pY1056_pY1162_pY1284_ERBB4_1__GRB2__SOS1_1_	Cytoplasm	0.0	Deterministic
cyt_prot_in__EGF_1__pY992_pY1068_pY1086_pY1148_pY1174_EGFR_1__NRG1_1__pY1056_pY1162_pY1284_ERBB4_1__GRB2__SOS1_1_	Cytoplasm	0.0	Deterministic
cyt_prot_in__pY1196_pY1222_pY1248_ERBB2_1__NRG1_1__ERBB3_1__GRB2__SOS1_1_	Cytoplasm	0.0	Deterministic
cyt_prot_in__pY992_pY1068_pY1086_pY1148_pY1174_EGFR_1__NRG1_1__ERBB3_1__GRB2__SOS1_1_	Cytoplasm	0.0	Deterministic
cyt_prot_in__NRG1_1__ERBB3_1__pY1056_pY1162_pY1284_ERBB4_1__GRB2__SOS1_1_	Cytoplasm	0.0	Deterministic
cyt_prot_in__NRG1_1__ERBB3_1__NRG1_1__pY1056_pY1162_pY1284_ERBB4_1__GRB2__SOS1_1_	Cytoplasm	0.0	Deterministic
cyt_prot_in__pY1196_pY1222_pY1248_ERBB2_1__NRG1_1__pY1056_pY1162_pY1284_ERBB4_1__GRB2__SOS1_1_	Cytoplasm	0.0	Deterministic
cyt_prot_in__pY992_pY1068_pY1086_pY1148_pY1174_EGFR_1__NRG1_1__pY1056_pY1162_pY1284_ERBB4_1__GRB2__SOS1_1_	Cytoplasm	0.0	Deterministic
cyt_prot_in__ERBB3_1__NRG1_1__pY1056_pY1162_pY1284_ERBB4_1__GRB2__SOS1_1_	Cytoplasm	0.0	Deterministic
cyt_prot_in__NRG1_1__pY1056_pY1162_pY1284_pY1056_pY1162_pY1284_ERBB4_1__pY1056_pY1162_pY1284_pY1056_pY1162_pY1284_ERBB4_1__GRB2__SOS1_1_	Cytoplasm	0.0	Deterministic
cyt_prot_in__NRG1_1__pY1056_pY1162_pY1284_pY1056_pY1162_pY1284_ERBB4_1__NRG1_1__pY1056_pY1162_pY1284_pY1056_pY1162_pY1284_ERBB4_1__GRB2__SOS1_1_	Cytoplasm	0.0	Deterministic
cyt_prot_in__HGF_1__pY1234_pY1235_pY1234_pY1235_MET_1__pY1234_pY1235_pY1234_pY1235_MET_1__GRB2__SOS1_1_	Cytoplasm	0.0	Deterministic
cyt_prot_in__HGF_1__pY1234_pY1235_pY1234_pY1235_MET_1__HGF_1__pY1234_pY1235_pY1234_pY1235_MET_1__GRB2__SOS1_1_	Cytoplasm	0.0	Deterministic
cyt_cong_in__PDGFB_1__PGFRB__PDGFB_1__PGFRB__GRB2__SOS1_1_	Cytoplasm	0.0	Deterministic
cyt_cong_in__PDGFB_1__PGFRB__PGFRB__GRB2__SOS1_1_	Cytoplasm	0.0	Deterministic
cyt_cong_in__FGF__FGFR__FGF__FGFR__GRB2__SOS1_1_	Cytoplasm	0.0	Deterministic
cyt_cong_in__FGF__FGFR__FGFR__GRB2__SOS1_1_	Cytoplasm	0.0	Deterministic
cyt_cong_in__IGF__pY980_pS982_pY1161_pY1165_pY1166_pY1280_pY1281_pY980_pS982_pY1161_pY1165_pY1166_pY1280_pY1281_IGF1R__pY980_pS982_pY1161_pY1165_pY1166_pY1280_pY1281_pY980_pS982_pY1161_pY1165_pY1166_pY1280_pY1281_IGF1R__IRS__GRB2__SOS1_1_	Cytoplasm	0.0	Deterministic
cyt_cong_in__INS_1__pY992_pY999_pY1011_pY1185_pY1189_pY1190_pY1314_pY1348_pY1355_pY992_pY999_pY1011_pY1185_pY1189_pY1190_pY1314_pY1348_pY1355_INSR_1__pY992_pY999_pY1011_pY1185_pY1189_pY1190_pY1314_pY1348_pY1355_pY992_pY999_pY1011_pY1185_pY1189_pY1190_pY1314_pY1348_pY1355_INSR_1__IRS__GRB2__SOS1_1_	Cytoplasm	0.0	Deterministic
cyt_cong_in__IGF__pY980_pS982_pY1161_pY1165_pY1166_pY1280_pY1281_pY980_pS982_pY1161_pY1165_pY1166_pY1280_pY1281_IGF1R__pY980_pS982_pY1161_pY1165_pY1166_pY1280_pY1281_pY980_pS982_pY1161_pY1165_pY1166_pY1280_pY1281_IGF1R__IGF__IRS__GRB2__SOS1_1_	Cytoplasm	0.0	Deterministic
cyt_cong_in__INS_1__pY992_pY999_pY1011_pY1185_pY1189_pY1190_pY1314_pY1348_pY1355_pY992_pY999_pY1011_pY1185_pY1189_pY1190_pY1314_pY1348_pY1355_INSR_1__pY992_pY999_pY1011_pY1185_pY1189_pY1190_pY1314_pY1348_pY1355_pY992_pY999_pY1011_pY1185_pY1189_pY1190_pY1314_pY1348_pY1355_INSR_1__INS_1__IRS__GRB2__SOS1_1_	Cytoplasm	0.0	Deterministic
cyt_prot__EGF_1__pY992_pY1068_pY1086_pY1148_pY1174_EGFR_1__pY1196_pY1222_pY1248_ERBB2_1__PLCG_	Cytoplasm	0.0	Deterministic
cyt_prot__EGF_1__pY992_pY1068_pY1086_pY1148_pY1174_pY992_pY1068_pY1086_pY1148_pY1174_EGFR_1__pY992_pY1068_pY1086_pY1148_pY1174_pY992_pY1068_pY1086_pY1148_pY1174_EGFR_1__PLCG_	Cytoplasm	0.0	Deterministic
cyt_prot__EGF_1__pY992_pY1068_pY1086_pY1148_pY1174_pY992_pY1068_pY1086_pY1148_pY1174_EGFR_1__EGF_1__pY992_pY1068_pY1086_pY1148_pY1174_pY992_pY1068_pY1086_pY1148_pY1174_EGFR_1__PLCG_	Cytoplasm	0.0	Deterministic
cyt_prot__EGF_1__pY992_pY1068_pY1086_pY1148_pY1174_EGFR_1__ERBB3_1__PLCG_	Cytoplasm	0.0	Deterministic
cyt_prot__EGF_1__pY992_pY1068_pY1086_pY1148_pY1174_EGFR_1__NRG1_1__ERBB3_1__PLCG_	Cytoplasm	0.0	Deterministic
cyt_prot__EGF_1__pY992_pY1068_pY1086_pY1148_pY1174_EGFR_1__pY1056_pY1162_pY1284_ERBB4_1__PLCG_	Cytoplasm	0.0	Deterministic
cyt_prot__EGF_1__pY992_pY1068_pY1086_pY1148_pY1174_EGFR_1__NRG1_1__pY1056_pY1162_pY1284_ERBB4_1__PLCG_	Cytoplasm	0.0	Deterministic
cyt_prot__pY1196_pY1222_pY1248_ERBB2_1__NRG1_1__ERBB3_1__PLCG_	Cytoplasm	0.0	Deterministic
cyt_prot__pY992_pY1068_pY1086_pY1148_pY1174_EGFR_1__NRG1_1__ERBB3_1__PLCG_	Cytoplasm	0.0	Deterministic
cyt_prot__NRG1_1__ERBB3_1__pY1056_pY1162_pY1284_ERBB4_1__PLCG_	Cytoplasm	0.0	Deterministic
cyt_prot__NRG1_1__ERBB3_1__NRG1_1__pY1056_pY1162_pY1284_ERBB4_1__PLCG_	Cytoplasm	0.0	Deterministic
cyt_prot__pY1196_pY1222_pY1248_ERBB2_1__NRG1_1__pY1056_pY1162_pY1284_ERBB4_1__PLCG_	Cytoplasm	0.0	Deterministic
cyt_prot__pY992_pY1068_pY1086_pY1148_pY1174_EGFR_1__NRG1_1__pY1056_pY1162_pY1284_ERBB4_1__PLCG_	Cytoplasm	0.0	Deterministic
cyt_prot__ERBB3_1__NRG1_1__pY1056_pY1162_pY1284_ERBB4_1__PLCG_	Cytoplasm	0.0	Deterministic
cyt_prot__NRG1_1__pY1056_pY1162_pY1284_pY1056_pY1162_pY1284_ERBB4_1__pY1056_pY1162_pY1284_pY1056_pY1162_pY1284_ERBB4_1__PLCG_	Cytoplasm	0.0	Deterministic
cyt_prot__NRG1_1__pY1056_pY1162_pY1284_pY1056_pY1162_pY1284_ERBB4_1__NRG1_1__pY1056_pY1162_pY1284_pY1056_pY1162_pY1284_ERBB4_1__PLCG_	Cytoplasm	0.0	Deterministic
cyt_prot__HGF_1__pY1234_pY1235_pY1234_pY1235_MET_1__pY1234_pY1235_pY1234_pY1235_MET_1__PLCG_	Cytoplasm	0.0	Deterministic
cyt_prot__HGF_1__pY1234_pY1235_pY1234_pY1235_MET_1__HGF_1__pY1234_pY1235_pY1234_pY1235_MET_1__PLCG_	Cytoplasm	0.0	Deterministic
cyt_cong__PDGFB_1__PGFRB__PDGFB_1__PGFRB__PLCG_	Cytoplasm	0.0	Deterministic
cyt_cong__PDGFB_1__PGFRB__PGFRB__PLCG_	Cytoplasm	0.0	Deterministic
cyt_cong__FGF__FGFR__FGF__FGFR__PLCG_	Cytoplasm	0.0	Deterministic
cyt_cong__FGF__FGFR__FGFR__PLCG_	Cytoplasm	0.0	Deterministic
cyt_cong__IGF__pY980_pS982_pY1161_pY1165_pY1166_pY1280_pY1281_pY980_pS982_pY1161_pY1165_pY1166_pY1280_pY1281_IGF1R__pY980_pS982_pY1161_pY1165_pY1166_pY1280_pY1281_pY980_pS982_pY1161_pY1165_pY1166_pY1280_pY1281_IGF1R__IRS__PLCG_	Cytoplasm	0.0	Deterministic
cyt_cong__INS_1__pY992_pY999_pY1011_pY1185_pY1189_pY1190_pY1314_pY1348_pY1355_pY992_pY999_pY1011_pY1185_pY1189_pY1190_pY1314_pY1348_pY1355_INSR_1__pY992_pY999_pY1011_pY1185_pY1189_pY1190_pY1314_pY1348_pY1355_pY992_pY999_pY1011_pY1185_pY1189_pY1190_pY1314_pY1348_pY1355_INSR_1__IRS__PLCG_	Cytoplasm	0.0	Deterministic
cyt_cong__IGF__pY980_pS982_pY1161_pY1165_pY1166_pY1280_pY1281_pY980_pS982_pY1161_pY1165_pY1166_pY1280_pY1281_IGF1R__pY980_pS982_pY1161_pY1165_pY1166_pY1280_pY1281_pY980_pS982_pY1161_pY1165_pY1166_pY1280_pY1281_IGF1R__IGF__IRS__PLCG_	Cytoplasm	0.0	Deterministic
cyt_cong__INS_1__pY992_pY999_pY1011_pY1185_pY1189_pY1190_pY1314_pY1348_pY1355_pY992_pY999_pY1011_pY1185_pY1189_pY1190_pY1314_pY1348_pY1355_INSR_1__pY992_pY999_pY1011_pY1185_pY1189_pY1190_pY1314_pY1348_pY1355_pY992_pY999_pY1011_pY1185_pY1189_pY1190_pY1314_pY1348_pY1355_INSR_1__INS_1__IRS__PLCG_	Cytoplasm	0.0	Deterministic
cyt_cong__EGF_1__pY992_pY1068_pY1086_pY1148_pY1174_EGFR_1__pY1196_pY1222_pY1248_ERBB2_1__PIK3C__PIK3R_	Cytoplasm	0.0	Deterministic
cyt_cong__EGF_1__pY992_pY1068_pY1086_pY1148_pY1174_pY992_pY1068_pY1086_pY1148_pY1174_EGFR_1__pY992_pY1068_pY1086_pY1148_pY1174_pY992_pY1068_pY1086_pY1148_pY1174_EGFR_1__PIK3C__PIK3R_	Cytoplasm	0.0	Deterministic
cyt_cong__EGF_1__pY992_pY1068_pY1086_pY1148_pY1174_pY992_pY1068_pY1086_pY1148_pY1174_EGFR_1__EGF_1__pY992_pY1068_pY1086_pY1148_pY1174_pY992_pY1068_pY1086_pY1148_pY1174_EGFR_1__PIK3C__PIK3R_	Cytoplasm	0.0	Deterministic
cyt_cong__EGF_1__pY992_pY1068_pY1086_pY1148_pY1174_EGFR_1__ERBB3_1__PIK3C__PIK3R_	Cytoplasm	0.0	Deterministic
cyt_cong__EGF_1__pY992_pY1068_pY1086_pY1148_pY1174_EGFR_1__NRG1_1__ERBB3_1__PIK3C__PIK3R_	Cytoplasm	0.0	Deterministic
cyt_cong__EGF_1__pY992_pY1068_pY1086_pY1148_pY1174_EGFR_1__pY1056_pY1162_pY1284_ERBB4_1__PIK3C__PIK3R_	Cytoplasm	0.0	Deterministic
cyt_cong__EGF_1__pY992_pY1068_pY1086_pY1148_pY1174_EGFR_1__NRG1_1__pY1056_pY1162_pY1284_ERBB4_1__PIK3C__PIK3R_	Cytoplasm	0.0	Deterministic
cyt_cong__pY1196_pY1222_pY1248_ERBB2_1__NRG1_1__ERBB3_1__PIK3C__PIK3R_	Cytoplasm	0.0	Deterministic
cyt_cong__pY992_pY1068_pY1086_pY1148_pY1174_EGFR_1__NRG1_1__ERBB3_1__PIK3C__PIK3R_	Cytoplasm	0.0	Deterministic
cyt_cong__NRG1_1__ERBB3_1__pY1056_pY1162_pY1284_ERBB4_1__PIK3C__PIK3R_	Cytoplasm	0.0	Deterministic
cyt_cong__NRG1_1__ERBB3_1__NRG1_1__pY1056_pY1162_pY1284_ERBB4_1__PIK3C__PIK3R_	Cytoplasm	0.0	Deterministic
cyt_cong__pY1196_pY1222_pY1248_ERBB2_1__NRG1_1__pY1056_pY1162_pY1284_ERBB4_1__PIK3C__PIK3R_	Cytoplasm	0.0	Deterministic
cyt_cong__pY992_pY1068_pY1086_pY1148_pY1174_EGFR_1__NRG1_1__pY1056_pY1162_pY1284_ERBB4_1__PIK3C__PIK3R_	Cytoplasm	0.0	Deterministic
cyt_cong__ERBB3_1__NRG1_1__pY1056_pY1162_pY1284_ERBB4_1__PIK3C__PIK3R_	Cytoplasm	0.0	Deterministic
cyt_cong__NRG1_1__pY1056_pY1162_pY1284_pY1056_pY1162_pY1284_ERBB4_1__pY1056_pY1162_pY1284_pY1056_pY1162_pY1284_ERBB4_1__PIK3C__PIK3R_	Cytoplasm	0.0	Deterministic
cyt_cong__NRG1_1__pY1056_pY1162_pY1284_pY1056_pY1162_pY1284_ERBB4_1__NRG1_1__pY1056_pY1162_pY1284_pY1056_pY1162_pY1284_ERBB4_1__PIK3C__PIK3R_	Cytoplasm	0.0	Deterministic
cyt_cong__HGF_1__pY1234_pY1235_pY1234_pY1235_MET_1__pY1234_pY1235_pY1234_pY1235_MET_1__PIK3C__PIK3R_	Cytoplasm	0.0	Deterministic
cyt_cong__HGF_1__pY1234_pY1235_pY1234_pY1235_MET_1__HGF_1__pY1234_pY1235_pY1234_pY1235_MET_1__PIK3C__PIK3R_	Cytoplasm	0.0	Deterministic
cyt_cong__PDGFB_1__PGFRB__PDGFB_1__PGFRB__PIK3C__PIK3R_	Cytoplasm	0.0	Deterministic
cyt_cong__PDGFB_1__PGFRB__PGFRB__PIK3C__PIK3R_	Cytoplasm	0.0	Deterministic
cyt_cong__FGF__FGFR__FGF__FGFR__PIK3C__PIK3R_	Cytoplasm	0.0	Deterministic
cyt_cong__FGF__FGFR__FGFR__PIK3C__PIK3R_	Cytoplasm	0.0	Deterministic
cyt_cong__IGF__pY980_pS982_pY1161_pY1165_pY1166_pY1280_pY1281_pY980_pS982_pY1161_pY1165_pY1166_pY1280_pY1281_IGF1R__pY980_pS982_pY1161_pY1165_pY1166_pY1280_pY1281_pY980_pS982_pY1161_pY1165_pY1166_pY1280_pY1281_IGF1R__IRS__PIK3C__PIK3R_	Cytoplasm	0.0	Deterministic
cyt_cong__INS_1__pY992_pY999_pY1011_pY1185_pY1189_pY1190_pY1314_pY1348_pY1355_pY992_pY999_pY1011_pY1185_pY1189_pY1190_pY1314_pY1348_pY1355_INSR_1__pY992_pY999_pY1011_pY1185_pY1189_pY1190_pY1314_pY1348_pY1355_pY992_pY999_pY1011_pY1185_pY1189_pY1190_pY1314_pY1348_pY1355_INSR_1__IRS__PIK3C__PIK3R_	Cytoplasm	0.0	Deterministic
cyt_cong__IGF__pY980_pS982_pY1161_pY1165_pY1166_pY1280_pY1281_pY980_pS982_pY1161_pY1165_pY1166_pY1280_pY1281_IGF1R__pY980_pS982_pY1161_pY1165_pY1166_pY1280_pY1281_pY980_pS982_pY1161_pY1165_pY1166_pY1280_pY1281_IGF1R__IGF__IRS__PIK3C__PIK3R_	Cytoplasm	0.0	Deterministic
cyt_cong__INS_1__pY992_pY999_pY1011_pY1185_pY1189_pY1190_pY1314_pY1348_pY1355_pY992_pY999_pY1011_pY1185_pY1189_pY1190_pY1314_pY1348_pY1355_INSR_1__pY992_pY999_pY1011_pY1185_pY1189_pY1190_pY1314_pY1348_pY1355_pY992_pY999_pY1011_pY1185_pY1189_pY1190_pY1314_pY1348_pY1355_INSR_1__INS_1__IRS__PIK3C__PIK3R_	Cytoplasm	0.0	Deterministic
cyt_prot__EGF_1__pY992_pY1068_pY1086_pY1148_pY1174_EGFR_1__pY1196_pY1222_pY1248_ERBB2_1__P3C2A_	Cytoplasm	0.0	Deterministic
cyt_prot__EGF_1__pY992_pY1068_pY1086_pY1148_pY1174_pY992_pY1068_pY1086_pY1148_pY1174_EGFR_1__pY992_pY1068_pY1086_pY1148_pY1174_pY992_pY1068_pY1086_pY1148_pY1174_EGFR_1__P3C2A_	Cytoplasm	0.0	Deterministic
cyt_prot__EGF_1__pY992_pY1068_pY1086_pY1148_pY1174_pY992_pY1068_pY1086_pY1148_pY1174_EGFR_1__EGF_1__pY992_pY1068_pY1086_pY1148_pY1174_pY992_pY1068_pY1086_pY1148_pY1174_EGFR_1__P3C2A_	Cytoplasm	0.0	Deterministic
cyt_prot__EGF_1__pY992_pY1068_pY1086_pY1148_pY1174_EGFR_1__ERBB3_1__P3C2A_	Cytoplasm	0.0	Deterministic
cyt_prot__EGF_1__pY992_pY1068_pY1086_pY1148_pY1174_EGFR_1__NRG1_1__ERBB3_1__P3C2A_	Cytoplasm	0.0	Deterministic
cyt_prot__EGF_1__pY992_pY1068_pY1086_pY1148_pY1174_EGFR_1__pY1056_pY1162_pY1284_ERBB4_1__P3C2A_	Cytoplasm	0.0	Deterministic
cyt_prot__EGF_1__pY992_pY1068_pY1086_pY1148_pY1174_EGFR_1__NRG1_1__pY1056_pY1162_pY1284_ERBB4_1__P3C2A_	Cytoplasm	0.0	Deterministic
cyt_prot__pY1196_pY1222_pY1248_ERBB2_1__NRG1_1__ERBB3_1__P3C2A_	Cytoplasm	0.0	Deterministic
cyt_prot__pY992_pY1068_pY1086_pY1148_pY1174_EGFR_1__NRG1_1__ERBB3_1__P3C2A_	Cytoplasm	0.0	Deterministic
cyt_prot__NRG1_1__ERBB3_1__pY1056_pY1162_pY1284_ERBB4_1__P3C2A_	Cytoplasm	0.0	Deterministic
cyt_prot__NRG1_1__ERBB3_1__NRG1_1__pY1056_pY1162_pY1284_ERBB4_1__P3C2A_	Cytoplasm	0.0	Deterministic
cyt_prot__pY1196_pY1222_pY1248_ERBB2_1__NRG1_1__pY1056_pY1162_pY1284_ERBB4_1__P3C2A_	Cytoplasm	0.0	Deterministic
cyt_prot__pY992_pY1068_pY1086_pY1148_pY1174_EGFR_1__NRG1_1__pY1056_pY1162_pY1284_ERBB4_1__P3C2A_	Cytoplasm	0.0	Deterministic
cyt_prot__ERBB3_1__NRG1_1__pY1056_pY1162_pY1284_ERBB4_1__P3C2A_	Cytoplasm	0.0	Deterministic
cyt_prot__NRG1_1__pY1056_pY1162_pY1284_pY1056_pY1162_pY1284_ERBB4_1__pY1056_pY1162_pY1284_pY1056_pY1162_pY1284_ERBB4_1__P3C2A_	Cytoplasm	0.0	Deterministic
cyt_prot__NRG1_1__pY1056_pY1162_pY1284_pY1056_pY1162_pY1284_ERBB4_1__NRG1_1__pY1056_pY1162_pY1284_pY1056_pY1162_pY1284_ERBB4_1__P3C2A_	Cytoplasm	0.0	Deterministic
cyt_prot__HGF_1__pY1234_pY1235_pY1234_pY1235_MET_1__pY1234_pY1235_pY1234_pY1235_MET_1__P3C2A_	Cytoplasm	0.0	Deterministic
cyt_prot__HGF_1__pY1234_pY1235_pY1234_pY1235_MET_1__HGF_1__pY1234_pY1235_pY1234_pY1235_MET_1__P3C2A_	Cytoplasm	0.0	Deterministic
cyt_cong__PDGFB_1__PGFRB__PDGFB_1__PGFRB__P3C2A_	Cytoplasm	0.0	Deterministic
cyt_cong__PDGFB_1__PGFRB__PGFRB__P3C2A_	Cytoplasm	0.0	Deterministic
cyt_cong__FGF__FGFR__FGF__FGFR__P3C2A_	Cytoplasm	0.0	Deterministic
cyt_cong__FGF__FGFR__FGFR__P3C2A_	Cytoplasm	0.0	Deterministic
cyt_cong__IGF__pY980_pS982_pY1161_pY1165_pY1166_pY1280_pY1281_pY980_pS982_pY1161_pY1165_pY1166_pY1280_pY1281_IGF1R__pY980_pS982_pY1161_pY1165_pY1166_pY1280_pY1281_pY980_pS982_pY1161_pY1165_pY1166_pY1280_pY1281_IGF1R__IRS__P3C2A_	Cytoplasm	0.0	Deterministic
cyt_cong__INS_1__pY992_pY999_pY1011_pY1185_pY1189_pY1190_pY1314_pY1348_pY1355_pY992_pY999_pY1011_pY1185_pY1189_pY1190_pY1314_pY1348_pY1355_INSR_1__pY992_pY999_pY1011_pY1185_pY1189_pY1190_pY1314_pY1348_pY1355_pY992_pY999_pY1011_pY1185_pY1189_pY1190_pY1314_pY1348_pY1355_INSR_1__IRS__P3C2A_	Cytoplasm	0.0	Deterministic
cyt_cong__IGF__pY980_pS982_pY1161_pY1165_pY1166_pY1280_pY1281_pY980_pS982_pY1161_pY1165_pY1166_pY1280_pY1281_IGF1R__pY980_pS982_pY1161_pY1165_pY1166_pY1280_pY1281_pY980_pS982_pY1161_pY1165_pY1166_pY1280_pY1281_IGF1R__IGF__IRS__P3C2A_	Cytoplasm	0.0	Deterministic
cyt_cong__INS_1__pY992_pY999_pY1011_pY1185_pY1189_pY1190_pY1314_pY1348_pY1355_pY992_pY999_pY1011_pY1185_pY1189_pY1190_pY1314_pY1348_pY1355_INSR_1__pY992_pY999_pY1011_pY1185_pY1189_pY1190_pY1314_pY1348_pY1355_pY992_pY999_pY1011_pY1185_pY1189_pY1190_pY1314_pY1348_pY1355_INSR_1__INS_1__IRS__P3C2A_	Cytoplasm	0.0	Deterministic
cyt_cong_in__EGF_1__pY992_pY1068_pY1086_pY1148_pY1174_EGFR_1__pY1196_pY1222_pY1248_ERBB2_1__GRB2__SOS1_1__RAS__GDP_	Cytoplasm	0.0	Deterministic
cyt_cong_in__EGF_1__pY992_pY1068_pY1086_pY1148_pY1174_pY992_pY1068_pY1086_pY1148_pY1174_EGFR_1__pY992_pY1068_pY1086_pY1148_pY1174_pY992_pY1068_pY1086_pY1148_pY1174_EGFR_1__GRB2__SOS1_1__RAS__GDP_	Cytoplasm	0.0	Deterministic
cyt_cong_in__EGF_1__pY992_pY1068_pY1086_pY1148_pY1174_pY992_pY1068_pY1086_pY1148_pY1174_EGFR_1__EGF_1__pY992_pY1068_pY1086_pY1148_pY1174_pY992_pY1068_pY1086_pY1148_pY1174_EGFR_1__GRB2__SOS1_1__RAS__GDP_	Cytoplasm	0.0	Deterministic
cyt_cong_in__EGF_1__pY992_pY1068_pY1086_pY1148_pY1174_EGFR_1__ERBB3_1__GRB2__SOS1_1__RAS__GDP_	Cytoplasm	0.0	Deterministic
cyt_cong_in__EGF_1__pY992_pY1068_pY1086_pY1148_pY1174_EGFR_1__NRG1_1__ERBB3_1__GRB2__SOS1_1__RAS__GDP_	Cytoplasm	0.0	Deterministic
cyt_cong_in__EGF_1__pY992_pY1068_pY1086_pY1148_pY1174_EGFR_1__pY1056_pY1162_pY1284_ERBB4_1__GRB2__SOS1_1__RAS__GDP_	Cytoplasm	0.0	Deterministic
cyt_cong_in__EGF_1__pY992_pY1068_pY1086_pY1148_pY1174_EGFR_1__NRG1_1__pY1056_pY1162_pY1284_ERBB4_1__GRB2__SOS1_1__RAS__GDP_	Cytoplasm	0.0	Deterministic
cyt_cong_in__pY1196_pY1222_pY1248_ERBB2_1__NRG1_1__ERBB3_1__GRB2__SOS1_1__RAS__GDP_	Cytoplasm	0.0	Deterministic
cyt_cong_in__pY992_pY1068_pY1086_pY1148_pY1174_EGFR_1__NRG1_1__ERBB3_1__GRB2__SOS1_1__RAS__GDP_	Cytoplasm	0.0	Deterministic
cyt_cong_in__NRG1_1__ERBB3_1__pY1056_pY1162_pY1284_ERBB4_1__GRB2__SOS1_1__RAS__GDP_	Cytoplasm	0.0	Deterministic
cyt_cong_in__NRG1_1__ERBB3_1__NRG1_1__pY1056_pY1162_pY1284_ERBB4_1__GRB2__SOS1_1__RAS__GDP_	Cytoplasm	0.0	Deterministic
cyt_cong_in__pY1196_pY1222_pY1248_ERBB2_1__NRG1_1__pY1056_pY1162_pY1284_ERBB4_1__GRB2__SOS1_1__RAS__GDP_	Cytoplasm	0.0	Deterministic
cyt_cong_in__pY992_pY1068_pY1086_pY1148_pY1174_EGFR_1__NRG1_1__pY1056_pY1162_pY1284_ERBB4_1__GRB2__SOS1_1__RAS__GDP_	Cytoplasm	0.0	Deterministic
cyt_mixed_in__ERBB3_1__NRG1_1__pY1056_pY1162_pY1284_ERBB4_1__GRB2__SOS1_1__RAS__GDP_	Cytoplasm	0.0	Deterministic
cyt_mixed_in__NRG1_1__pY1056_pY1162_pY1284_pY1056_pY1162_pY1284_ERBB4_1__pY1056_pY1162_pY1284_pY1056_pY1162_pY1284_ERBB4_1__GRB2__SOS1_1__RAS__GDP_	Cytoplasm	0.0	Deterministic
cyt_mixed_in__NRG1_1__pY1056_pY1162_pY1284_pY1056_pY1162_pY1284_ERBB4_1__NRG1_1__pY1056_pY1162_pY1284_pY1056_pY1162_pY1284_ERBB4_1__GRB2__SOS1_1__RAS__GDP_	Cytoplasm	0.0	Deterministic
cyt_mixed_in__HGF_1__pY1234_pY1235_pY1234_pY1235_MET_1__pY1234_pY1235_pY1234_pY1235_MET_1__GRB2__SOS1_1__RAS__GDP_	Cytoplasm	0.0	Deterministic
cyt_mixed_in__HGF_1__pY1234_pY1235_pY1234_pY1235_MET_1__HGF_1__pY1234_pY1235_pY1234_pY1235_MET_1__GRB2__SOS1_1__RAS__GDP_	Cytoplasm	0.0	Deterministic
cyt_cong_in__PDGFB_1__PGFRB__PDGFB_1__PGFRB__GRB2__SOS1_1__RAS__GDP_	Cytoplasm	0.0	Deterministic
cyt_cong_in__PDGFB_1__PGFRB__PGFRB__GRB2__SOS1_1__RAS__GDP_	Cytoplasm	0.0	Deterministic
cyt_mixed_in__FGF__FGFR__FGF__FGFR__GRB2__SOS1_1__RAS__GDP_	Cytoplasm	0.0	Deterministic
cyt_mixed_in__FGF__FGFR__FGFR__GRB2__SOS1_1__RAS__GDP_	Cytoplasm	0.0	Deterministic
cyt_cong_in__IGF__pY980_pS982_pY1161_pY1165_pY1166_pY1280_pY1281_pY980_pS982_pY1161_pY1165_pY1166_pY1280_pY1281_IGF1R__pY980_pS982_pY1161_pY1165_pY1166_pY1280_pY1281_pY980_pS982_pY1161_pY1165_pY1166_pY1280_pY1281_IGF1R__IRS__GRB2__SOS1_1__RAS__GDP_	Cytoplasm	0.0	Deterministic
cyt_cong_in__INS_1__pY992_pY999_pY1011_pY1185_pY1189_pY1190_pY1314_pY1348_pY1355_pY992_pY999_pY1011_pY1185_pY1189_pY1190_pY1314_pY1348_pY1355_INSR_1__pY992_pY999_pY1011_pY1185_pY1189_pY1190_pY1314_pY1348_pY1355_pY992_pY999_pY1011_pY1185_pY1189_pY1190_pY1314_pY1348_pY1355_INSR_1__IRS__GRB2__SOS1_1__RAS__GDP_	Cytoplasm	0.0	Deterministic
cyt_cong_in__IGF__pY980_pS982_pY1161_pY1165_pY1166_pY1280_pY1281_pY980_pS982_pY1161_pY1165_pY1166_pY1280_pY1281_IGF1R__pY980_pS982_pY1161_pY1165_pY1166_pY1280_pY1281_pY980_pS982_pY1161_pY1165_pY1166_pY1280_pY1281_IGF1R__IGF__IRS__GRB2__SOS1_1__RAS__GDP_	Cytoplasm	0.0	Deterministic
cyt_cong_in__INS_1__pY992_pY999_pY1011_pY1185_pY1189_pY1190_pY1314_pY1348_pY1355_pY992_pY999_pY1011_pY1185_pY1189_pY1190_pY1314_pY1348_pY1355_INSR_1__pY992_pY999_pY1011_pY1185_pY1189_pY1190_pY1314_pY1348_pY1355_pY992_pY999_pY1011_pY1185_pY1189_pY1190_pY1314_pY1348_pY1355_INSR_1__INS_1__IRS__GRB2__SOS1_1__RAS__GDP_	Cytoplasm	0.0	Deterministic
cyt_mixed__EGF_1__pY992_pY1068_pY1086_pY1148_pY1174_EGFR_1__pY1196_pY1222_pY1248_ERBB2_1__GRB2__SOS1_1__RAS__GDP_	Cytoplasm	0.0	Deterministic
cyt_mixed__EGF_1__pY992_pY1068_pY1086_pY1148_pY1174_pY992_pY1068_pY1086_pY1148_pY1174_EGFR_1__pY992_pY1068_pY1086_pY1148_pY1174_pY992_pY1068_pY1086_pY1148_pY1174_EGFR_1__GRB2__SOS1_1__RAS__GDP_	Cytoplasm	0.0	Deterministic
cyt_mixed__EGF_1__pY992_pY1068_pY1086_pY1148_pY1174_pY992_pY1068_pY1086_pY1148_pY1174_EGFR_1__EGF_1__pY992_pY1068_pY1086_pY1148_pY1174_pY992_pY1068_pY1086_pY1148_pY1174_EGFR_1__GRB2__SOS1_1__RAS__GDP_	Cytoplasm	0.0	Deterministic
cyt_mixed__EGF_1__pY992_pY1068_pY1086_pY1148_pY1174_EGFR_1__ERBB3_1__GRB2__SOS1_1__RAS__GDP_	Cytoplasm	0.0	Deterministic
cyt_mixed__EGF_1__pY992_pY1068_pY1086_pY1148_pY1174_EGFR_1__NRG1_1__ERBB3_1__GRB2__SOS1_1__RAS__GDP_	Cytoplasm	0.0	Deterministic
cyt_mixed__EGF_1__pY992_pY1068_pY1086_pY1148_pY1174_EGFR_1__pY1056_pY1162_pY1284_ERBB4_1__GRB2__SOS1_1__RAS__GDP_	Cytoplasm	0.0	Deterministic
cyt_mixed__EGF_1__pY992_pY1068_pY1086_pY1148_pY1174_EGFR_1__NRG1_1__pY1056_pY1162_pY1284_ERBB4_1__GRB2__SOS1_1__RAS__GDP_	Cytoplasm	0.0	Deterministic
cyt_mixed__pY1196_pY1222_pY1248_ERBB2_1__NRG1_1__ERBB3_1__GRB2__SOS1_1__RAS__GDP_	Cytoplasm	0.0	Deterministic
cyt_mixed__pY992_pY1068_pY1086_pY1148_pY1174_EGFR_1__NRG1_1__ERBB3_1__GRB2__SOS1_1__RAS__GDP_	Cytoplasm	0.0	Deterministic
cyt_mixed__NRG1_1__ERBB3_1__pY1056_pY1162_pY1284_ERBB4_1__GRB2__SOS1_1__RAS__GDP_	Cytoplasm	0.0	Deterministic
cyt_mixed__NRG1_1__ERBB3_1__NRG1_1__pY1056_pY1162_pY1284_ERBB4_1__GRB2__SOS1_1__RAS__GDP_	Cytoplasm	0.0	Deterministic
cyt_mixed__pY1196_pY1222_pY1248_ERBB2_1__NRG1_1__pY1056_pY1162_pY1284_ERBB4_1__GRB2__SOS1_1__RAS__GDP_	Cytoplasm	0.0	Deterministic
cyt_mixed__pY992_pY1068_pY1086_pY1148_pY1174_EGFR_1__NRG1_1__pY1056_pY1162_pY1284_ERBB4_1__GRB2__SOS1_1__RAS__GDP_	Cytoplasm	0.0	Deterministic
cyt_mixed__ERBB3_1__NRG1_1__pY1056_pY1162_pY1284_ERBB4_1__GRB2__SOS1_1__RAS__GDP_	Cytoplasm	0.0	Deterministic
cyt_mixed__NRG1_1__pY1056_pY1162_pY1284_pY1056_pY1162_pY1284_ERBB4_1__pY1056_pY1162_pY1284_pY1056_pY1162_pY1284_ERBB4_1__GRB2__SOS1_1__RAS__GDP_	Cytoplasm	0.0	Deterministic
cyt_mixed__NRG1_1__pY1056_pY1162_pY1284_pY1056_pY1162_pY1284_ERBB4_1__NRG1_1__pY1056_pY1162_pY1284_pY1056_pY1162_pY1284_ERBB4_1__GRB2__SOS1_1__RAS__GDP_	Cytoplasm	0.0	Deterministic
cyt_mixed__HGF_1__pY1234_pY1235_pY1234_pY1235_MET_1__pY1234_pY1235_pY1234_pY1235_MET_1__GRB2__SOS1_1__RAS__GDP_	Cytoplasm	0.0	Deterministic
cyt_mixed__HGF_1__pY1234_pY1235_pY1234_pY1235_MET_1__HGF_1__pY1234_pY1235_pY1234_pY1235_MET_1__GRB2__SOS1_1__RAS__GDP_	Cytoplasm	0.0	Deterministic
cyt_cong__PDGFB_1__PGFRB__PDGFB_1__PGFRB__GRB2__SOS1_1__RAS__GDP_	Cytoplasm	0.0	Deterministic
cyt_cong__PDGFB_1__PGFRB__PGFRB__GRB2__SOS1_1__RAS__GDP_	Cytoplasm	0.0	Deterministic
cyt_mixed__FGF__FGFR__FGF__FGFR__GRB2__SOS1_1__RAS__GDP_	Cytoplasm	0.0	Deterministic
cyt_mixed__FGF__FGFR__FGFR__GRB2__SOS1_1__RAS__GDP_	Cytoplasm	0.0	Deterministic
cyt_cong__IGF__pY980_pS982_pY1161_pY1165_pY1166_pY1280_pY1281_pY980_pS982_pY1161_pY1165_pY1166_pY1280_pY1281_IGF1R__pY980_pS982_pY1161_pY1165_pY1166_pY1280_pY1281_pY980_pS982_pY1161_pY1165_pY1166_pY1280_pY1281_IGF1R__IRS__GRB2__SOS1_1__RAS__GDP_	Cytoplasm	0.0	Deterministic
cyt_cong__INS_1__pY992_pY999_pY1011_pY1185_pY1189_pY1190_pY1314_pY1348_pY1355_pY992_pY999_pY1011_pY1185_pY1189_pY1190_pY1314_pY1348_pY1355_INSR_1__pY992_pY999_pY1011_pY1185_pY1189_pY1190_pY1314_pY1348_pY1355_pY992_pY999_pY1011_pY1185_pY1189_pY1190_pY1314_pY1348_pY1355_INSR_1__IRS__GRB2__SOS1_1__RAS__GDP_	Cytoplasm	0.0	Deterministic
cyt_cong__IGF__pY980_pS982_pY1161_pY1165_pY1166_pY1280_pY1281_pY980_pS982_pY1161_pY1165_pY1166_pY1280_pY1281_IGF1R__pY980_pS982_pY1161_pY1165_pY1166_pY1280_pY1281_pY980_pS982_pY1161_pY1165_pY1166_pY1280_pY1281_IGF1R__IGF__IRS__GRB2__SOS1_1__RAS__GDP_	Cytoplasm	0.0	Deterministic
cyt_cong__INS_1__pY992_pY999_pY1011_pY1185_pY1189_pY1190_pY1314_pY1348_pY1355_pY992_pY999_pY1011_pY1185_pY1189_pY1190_pY1314_pY1348_pY1355_INSR_1__pY992_pY999_pY1011_pY1185_pY1189_pY1190_pY1314_pY1348_pY1355_pY992_pY999_pY1011_pY1185_pY1189_pY1190_pY1314_pY1348_pY1355_INSR_1__INS_1__IRS__GRB2__SOS1_1__RAS__GDP_	Cytoplasm	0.0	Deterministic
cyt_mixed__EGF_1__pY992_pY1068_pY1086_pY1148_pY1174_EGFR_1__pY1196_pY1222_pY1248_ERBB2_1__PLCG__PIP2_	Cytoplasm	0.0	Deterministic
cyt_mixed__EGF_1__pY992_pY1068_pY1086_pY1148_pY1174_pY992_pY1068_pY1086_pY1148_pY1174_EGFR_1__pY992_pY1068_pY1086_pY1148_pY1174_pY992_pY1068_pY1086_pY1148_pY1174_EGFR_1__PLCG__PIP2_	Cytoplasm	0.0	Deterministic
cyt_mixed__EGF_1__pY992_pY1068_pY1086_pY1148_pY1174_pY992_pY1068_pY1086_pY1148_pY1174_EGFR_1__EGF_1__pY992_pY1068_pY1086_pY1148_pY1174_pY992_pY1068_pY1086_pY1148_pY1174_EGFR_1__PLCG__PIP2_	Cytoplasm	0.0	Deterministic
cyt_mixed__EGF_1__pY992_pY1068_pY1086_pY1148_pY1174_EGFR_1__ERBB3_1__PLCG__PIP2_	Cytoplasm	0.0	Deterministic
cyt_mixed__EGF_1__pY992_pY1068_pY1086_pY1148_pY1174_EGFR_1__NRG1_1__ERBB3_1__PLCG__PIP2_	Cytoplasm	0.0	Deterministic
cyt_mixed__EGF_1__pY992_pY1068_pY1086_pY1148_pY1174_EGFR_1__pY1056_pY1162_pY1284_ERBB4_1__PLCG__PIP2_	Cytoplasm	0.0	Deterministic
cyt_mixed__EGF_1__pY992_pY1068_pY1086_pY1148_pY1174_EGFR_1__NRG1_1__pY1056_pY1162_pY1284_ERBB4_1__PLCG__PIP2_	Cytoplasm	0.0	Deterministic
cyt_mixed__pY1196_pY1222_pY1248_ERBB2_1__NRG1_1__ERBB3_1__PLCG__PIP2_	Cytoplasm	0.0	Deterministic
cyt_mixed__pY992_pY1068_pY1086_pY1148_pY1174_EGFR_1__NRG1_1__ERBB3_1__PLCG__PIP2_	Cytoplasm	0.0	Deterministic
cyt_mixed__NRG1_1__ERBB3_1__pY1056_pY1162_pY1284_ERBB4_1__PLCG__PIP2_	Cytoplasm	0.0	Deterministic
cyt_mixed__NRG1_1__ERBB3_1__NRG1_1__pY1056_pY1162_pY1284_ERBB4_1__PLCG__PIP2_	Cytoplasm	0.0	Deterministic
cyt_mixed__pY1196_pY1222_pY1248_ERBB2_1__NRG1_1__pY1056_pY1162_pY1284_ERBB4_1__PLCG__PIP2_	Cytoplasm	0.0	Deterministic
cyt_mixed__pY992_pY1068_pY1086_pY1148_pY1174_EGFR_1__NRG1_1__pY1056_pY1162_pY1284_ERBB4_1__PLCG__PIP2_	Cytoplasm	0.0	Deterministic
cyt_mixed__ERBB3_1__NRG1_1__pY1056_pY1162_pY1284_ERBB4_1__PLCG__PIP2_	Cytoplasm	0.0	Deterministic
cyt_mixed__NRG1_1__pY1056_pY1162_pY1284_pY1056_pY1162_pY1284_ERBB4_1__pY1056_pY1162_pY1284_pY1056_pY1162_pY1284_ERBB4_1__PLCG__PIP2_	Cytoplasm	0.0	Deterministic
cyt_mixed__NRG1_1__pY1056_pY1162_pY1284_pY1056_pY1162_pY1284_ERBB4_1__NRG1_1__pY1056_pY1162_pY1284_pY1056_pY1162_pY1284_ERBB4_1__PLCG__PIP2_	Cytoplasm	0.0	Deterministic
cyt_mixed__HGF_1__pY1234_pY1235_pY1234_pY1235_MET_1__pY1234_pY1235_pY1234_pY1235_MET_1__PLCG__PIP2_	Cytoplasm	0.0	Deterministic
cyt_mixed__HGF_1__pY1234_pY1235_pY1234_pY1235_MET_1__HGF_1__pY1234_pY1235_pY1234_pY1235_MET_1__PLCG__PIP2_	Cytoplasm	0.0	Deterministic
cyt_cong__PDGFB_1__PGFRB__PDGFB_1__PGFRB__PLCG__PIP2_	Cytoplasm	0.0	Deterministic
cyt_cong__PDGFB_1__PGFRB__PGFRB__PLCG__PIP2_	Cytoplasm	0.0	Deterministic
cyt_mixed__FGF__FGFR__FGF__FGFR__PLCG__PIP2_	Cytoplasm	0.0	Deterministic
cyt_mixed__FGF__FGFR__FGFR__PLCG__PIP2_	Cytoplasm	0.0	Deterministic
cyt_mixed__IGF__pY980_pS982_pY1161_pY1165_pY1166_pY1280_pY1281_pY980_pS982_pY1161_pY1165_pY1166_pY1280_pY1281_IGF1R__pY980_pS982_pY1161_pY1165_pY1166_pY1280_pY1281_pY980_pS982_pY1161_pY1165_pY1166_pY1280_pY1281_IGF1R__IRS__PLCG__PIP2_	Cytoplasm	0.0	Deterministic
cyt_mixed__INS_1__pY992_pY999_pY1011_pY1185_pY1189_pY1190_pY1314_pY1348_pY1355_pY992_pY999_pY1011_pY1185_pY1189_pY1190_pY1314_pY1348_pY1355_INSR_1__pY992_pY999_pY1011_pY1185_pY1189_pY1190_pY1314_pY1348_pY1355_pY992_pY999_pY1011_pY1185_pY1189_pY1190_pY1314_pY1348_pY1355_INSR_1__IRS__PLCG__PIP2_	Cytoplasm	0.0	Deterministic
cyt_mixed__IGF__pY980_pS982_pY1161_pY1165_pY1166_pY1280_pY1281_pY980_pS982_pY1161_pY1165_pY1166_pY1280_pY1281_IGF1R__pY980_pS982_pY1161_pY1165_pY1166_pY1280_pY1281_pY980_pS982_pY1161_pY1165_pY1166_pY1280_pY1281_IGF1R__IGF__IRS__PLCG__PIP2_	Cytoplasm	0.0	Deterministic
cyt_mixed__INS_1__pY992_pY999_pY1011_pY1185_pY1189_pY1190_pY1314_pY1348_pY1355_pY992_pY999_pY1011_pY1185_pY1189_pY1190_pY1314_pY1348_pY1355_INSR_1__pY992_pY999_pY1011_pY1185_pY1189_pY1190_pY1314_pY1348_pY1355_pY992_pY999_pY1011_pY1185_pY1189_pY1190_pY1314_pY1348_pY1355_INSR_1__INS_1__IRS__PLCG__PIP2_	Cytoplasm	0.0	Deterministic
cyt_mixed__EGF_1__pY992_pY1068_pY1086_pY1148_pY1174_EGFR_1__pY1196_pY1222_pY1248_ERBB2_1__PIK3C__PIK3R__PIP2_	Cytoplasm	0.0	Deterministic
cyt_mixed__EGF_1__pY992_pY1068_pY1086_pY1148_pY1174_pY992_pY1068_pY1086_pY1148_pY1174_EGFR_1__pY992_pY1068_pY1086_pY1148_pY1174_pY992_pY1068_pY1086_pY1148_pY1174_EGFR_1__PIK3C__PIK3R__PIP2_	Cytoplasm	0.0	Deterministic
cyt_mixed__EGF_1__pY992_pY1068_pY1086_pY1148_pY1174_pY992_pY1068_pY1086_pY1148_pY1174_EGFR_1__EGF_1__pY992_pY1068_pY1086_pY1148_pY1174_pY992_pY1068_pY1086_pY1148_pY1174_EGFR_1__PIK3C__PIK3R__PIP2_	Cytoplasm	0.0	Deterministic
cyt_mixed__EGF_1__pY992_pY1068_pY1086_pY1148_pY1174_EGFR_1__ERBB3_1__PIK3C__PIK3R__PIP2_	Cytoplasm	0.0	Deterministic
cyt_mixed__EGF_1__pY992_pY1068_pY1086_pY1148_pY1174_EGFR_1__NRG1_1__ERBB3_1__PIK3C__PIK3R__PIP2_	Cytoplasm	0.0	Deterministic
cyt_mixed__EGF_1__pY992_pY1068_pY1086_pY1148_pY1174_EGFR_1__pY1056_pY1162_pY1284_ERBB4_1__PIK3C__PIK3R__PIP2_	Cytoplasm	0.0	Deterministic
cyt_mixed__EGF_1__pY992_pY1068_pY1086_pY1148_pY1174_EGFR_1__NRG1_1__pY1056_pY1162_pY1284_ERBB4_1__PIK3C__PIK3R__PIP2_	Cytoplasm	0.0	Deterministic
cyt_mixed__pY1196_pY1222_pY1248_ERBB2_1__NRG1_1__ERBB3_1__PIK3C__PIK3R__PIP2_	Cytoplasm	0.0	Deterministic
cyt_mixed__pY992_pY1068_pY1086_pY1148_pY1174_EGFR_1__NRG1_1__ERBB3_1__PIK3C__PIK3R__PIP2_	Cytoplasm	0.0	Deterministic
cyt_mixed__NRG1_1__ERBB3_1__pY1056_pY1162_pY1284_ERBB4_1__PIK3C__PIK3R__PIP2_	Cytoplasm	0.0	Deterministic
cyt_mixed__NRG1_1__ERBB3_1__NRG1_1__pY1056_pY1162_pY1284_ERBB4_1__PIK3C__PIK3R__PIP2_	Cytoplasm	0.0	Deterministic
cyt_mixed__pY1196_pY1222_pY1248_ERBB2_1__NRG1_1__pY1056_pY1162_pY1284_ERBB4_1__PIK3C__PIK3R__PIP2_	Cytoplasm	0.0	Deterministic
cyt_mixed__pY992_pY1068_pY1086_pY1148_pY1174_EGFR_1__NRG1_1__pY1056_pY1162_pY1284_ERBB4_1__PIK3C__PIK3R__PIP2_	Cytoplasm	0.0	Deterministic
cyt_mixed__ERBB3_1__NRG1_1__pY1056_pY1162_pY1284_ERBB4_1__PIK3C__PIK3R__PIP2_	Cytoplasm	0.0	Deterministic
cyt_mixed__NRG1_1__pY1056_pY1162_pY1284_pY1056_pY1162_pY1284_ERBB4_1__pY1056_pY1162_pY1284_pY1056_pY1162_pY1284_ERBB4_1__PIK3C__PIK3R__PIP2_	Cytoplasm	0.0	Deterministic
cyt_mixed__NRG1_1__pY1056_pY1162_pY1284_pY1056_pY1162_pY1284_ERBB4_1__NRG1_1__pY1056_pY1162_pY1284_pY1056_pY1162_pY1284_ERBB4_1__PIK3C__PIK3R__PIP2_	Cytoplasm	0.0	Deterministic
cyt_mixed__HGF_1__pY1234_pY1235_pY1234_pY1235_MET_1__pY1234_pY1235_pY1234_pY1235_MET_1__PIK3C__PIK3R__PIP2_	Cytoplasm	0.0	Deterministic
cyt_mixed__HGF_1__pY1234_pY1235_pY1234_pY1235_MET_1__HGF_1__pY1234_pY1235_pY1234_pY1235_MET_1__PIK3C__PIK3R__PIP2_	Cytoplasm	0.0	Deterministic
cyt_cong__PDGFB_1__PGFRB__PDGFB_1__PGFRB__PIK3C__PIK3R__PIP2_	Cytoplasm	0.0	Deterministic
cyt_cong__PDGFB_1__PGFRB__PGFRB__PIK3C__PIK3R__PIP2_	Cytoplasm	0.0	Deterministic
cyt_mixed__FGF__FGFR__FGF__FGFR__PIK3C__PIK3R__PIP2_	Cytoplasm	0.0	Deterministic
cyt_mixed__FGF__FGFR__FGFR__PIK3C__PIK3R__PIP2_	Cytoplasm	0.0	Deterministic
cyt_cong__IGF__pY980_pS982_pY1161_pY1165_pY1166_pY1280_pY1281_pY980_pS982_pY1161_pY1165_pY1166_pY1280_pY1281_IGF1R__pY980_pS982_pY1161_pY1165_pY1166_pY1280_pY1281_pY980_pS982_pY1161_pY1165_pY1166_pY1280_pY1281_IGF1R__IRS__PIK3C__PIK3R__PIP2_	Cytoplasm	0.0	Deterministic
cyt_cong__INS_1__pY992_pY999_pY1011_pY1185_pY1189_pY1190_pY1314_pY1348_pY1355_pY992_pY999_pY1011_pY1185_pY1189_pY1190_pY1314_pY1348_pY1355_INSR_1__pY992_pY999_pY1011_pY1185_pY1189_pY1190_pY1314_pY1348_pY1355_pY992_pY999_pY1011_pY1185_pY1189_pY1190_pY1314_pY1348_pY1355_INSR_1__IRS__PIK3C__PIK3R__PIP2_	Cytoplasm	0.0	Deterministic
cyt_cong__IGF__pY980_pS982_pY1161_pY1165_pY1166_pY1280_pY1281_pY980_pS982_pY1161_pY1165_pY1166_pY1280_pY1281_IGF1R__pY980_pS982_pY1161_pY1165_pY1166_pY1280_pY1281_pY980_pS982_pY1161_pY1165_pY1166_pY1280_pY1281_IGF1R__IGF__IRS__PIK3C__PIK3R__PIP2_	Cytoplasm	0.0	Deterministic
cyt_cong__INS_1__pY992_pY999_pY1011_pY1185_pY1189_pY1190_pY1314_pY1348_pY1355_pY992_pY999_pY1011_pY1185_pY1189_pY1190_pY1314_pY1348_pY1355_INSR_1__pY992_pY999_pY1011_pY1185_pY1189_pY1190_pY1314_pY1348_pY1355_pY992_pY999_pY1011_pY1185_pY1189_pY1190_pY1314_pY1348_pY1355_INSR_1__INS_1__IRS__PIK3C__PIK3R__PIP2_	Cytoplasm	0.0	Deterministic
cyt_mixed__EGF_1__pY992_pY1068_pY1086_pY1148_pY1174_EGFR_1__pY1196_pY1222_pY1248_ERBB2_1__P3C2A__PIP_	Cytoplasm	0.0	Deterministic
cyt_mixed__EGF_1__pY992_pY1068_pY1086_pY1148_pY1174_pY992_pY1068_pY1086_pY1148_pY1174_EGFR_1__pY992_pY1068_pY1086_pY1148_pY1174_pY992_pY1068_pY1086_pY1148_pY1174_EGFR_1__P3C2A__PIP_	Cytoplasm	0.0	Deterministic
cyt_mixed__EGF_1__pY992_pY1068_pY1086_pY1148_pY1174_pY992_pY1068_pY1086_pY1148_pY1174_EGFR_1__EGF_1__pY992_pY1068_pY1086_pY1148_pY1174_pY992_pY1068_pY1086_pY1148_pY1174_EGFR_1__P3C2A__PIP_	Cytoplasm	0.0	Deterministic
cyt_mixed__EGF_1__pY992_pY1068_pY1086_pY1148_pY1174_EGFR_1__ERBB3_1__P3C2A__PIP_	Cytoplasm	0.0	Deterministic
cyt_mixed__EGF_1__pY992_pY1068_pY1086_pY1148_pY1174_EGFR_1__NRG1_1__ERBB3_1__P3C2A__PIP_	Cytoplasm	0.0	Deterministic
cyt_mixed__EGF_1__pY992_pY1068_pY1086_pY1148_pY1174_EGFR_1__pY1056_pY1162_pY1284_ERBB4_1__P3C2A__PIP_	Cytoplasm	0.0	Deterministic
cyt_mixed__EGF_1__pY992_pY1068_pY1086_pY1148_pY1174_EGFR_1__NRG1_1__pY1056_pY1162_pY1284_ERBB4_1__P3C2A__PIP_	Cytoplasm	0.0	Deterministic
cyt_mixed__pY1196_pY1222_pY1248_ERBB2_1__NRG1_1__ERBB3_1__P3C2A__PIP_	Cytoplasm	0.0	Deterministic
cyt_mixed__pY992_pY1068_pY1086_pY1148_pY1174_EGFR_1__NRG1_1__ERBB3_1__P3C2A__PIP_	Cytoplasm	0.0	Deterministic
cyt_mixed__NRG1_1__ERBB3_1__pY1056_pY1162_pY1284_ERBB4_1__P3C2A__PIP_	Cytoplasm	0.0	Deterministic
cyt_mixed__NRG1_1__ERBB3_1__NRG1_1__pY1056_pY1162_pY1284_ERBB4_1__P3C2A__PIP_	Cytoplasm	0.0	Deterministic
cyt_mixed__pY1196_pY1222_pY1248_ERBB2_1__NRG1_1__pY1056_pY1162_pY1284_ERBB4_1__P3C2A__PIP_	Cytoplasm	0.0	Deterministic
cyt_mixed__pY992_pY1068_pY1086_pY1148_pY1174_EGFR_1__NRG1_1__pY1056_pY1162_pY1284_ERBB4_1__P3C2A__PIP_	Cytoplasm	0.0	Deterministic
cyt_mixed__ERBB3_1__NRG1_1__pY1056_pY1162_pY1284_ERBB4_1__P3C2A__PIP_	Cytoplasm	0.0	Deterministic
cyt_mixed__NRG1_1__pY1056_pY1162_pY1284_pY1056_pY1162_pY1284_ERBB4_1__pY1056_pY1162_pY1284_pY1056_pY1162_pY1284_ERBB4_1__P3C2A__PIP_	Cytoplasm	0.0	Deterministic
cyt_mixed__NRG1_1__pY1056_pY1162_pY1284_pY1056_pY1162_pY1284_ERBB4_1__NRG1_1__pY1056_pY1162_pY1284_pY1056_pY1162_pY1284_ERBB4_1__P3C2A__PIP_	Cytoplasm	0.0	Deterministic
cyt_mixed__HGF_1__pY1234_pY1235_pY1234_pY1235_MET_1__pY1234_pY1235_pY1234_pY1235_MET_1__P3C2A__PIP_	Cytoplasm	0.0	Deterministic
cyt_mixed__HGF_1__pY1234_pY1235_pY1234_pY1235_MET_1__HGF_1__pY1234_pY1235_pY1234_pY1235_MET_1__P3C2A__PIP_	Cytoplasm	0.0	Deterministic
cyt_cong__PDGFB_1__PGFRB__PDGFB_1__PGFRB__P3C2A__PIP_	Cytoplasm	0.0	Deterministic
cyt_cong__PGFRB__PGFRB__PGFRB__P3C2A__PIP_	Cytoplasm	0.0	Deterministic
cyt_mixed__FGF__FGFR__FGF__FGFR__P3C2A__PIP_	Cytoplasm	0.0	Deterministic
cyt_mixed__FGF__FGFR__FGFR__P3C2A__PIP_	Cytoplasm	0.0	Deterministic
cyt_cong__IGF__pY980_pS982_pY1161_pY1165_pY1166_pY1280_pY1281_pY980_pS982_pY1161_pY1165_pY1166_pY1280_pY1281_IGF1R__pY980_pS982_pY1161_pY1165_pY1166_pY1280_pY1281_pY980_pS982_pY1161_pY1165_pY1166_pY1280_pY1281_IGF1R__IRS__P3C2A__PIP_	Cytoplasm	0.0	Deterministic
cyt_cong__INS_1__pY992_pY999_pY1011_pY1185_pY1189_pY1190_pY1314_pY1348_pY1355_pY992_pY999_pY1011_pY1185_pY1189_pY1190_pY1314_pY1348_pY1355_INSR_1__pY992_pY999_pY1011_pY1185_pY1189_pY1190_pY1314_pY1348_pY1355_pY992_pY999_pY1011_pY1185_pY1189_pY1190_pY1314_pY1348_pY1355_INSR_1__IRS__P3C2A__PIP_	Cytoplasm	0.0	Deterministic
cyt_cong__IGF__pY980_pS982_pY1161_pY1165_pY1166_pY1280_pY1281_pY980_pS982_pY1161_pY1165_pY1166_pY1280_pY1281_IGF1R__pY980_pS982_pY1161_pY1165_pY1166_pY1280_pY1281_pY980_pS982_pY1161_pY1165_pY1166_pY1280_pY1281_IGF1R__IGF__IRS__P3C2A__PIP_	Cytoplasm	0.0	Deterministic
cyt_cong__INS_1__pY992_pY999_pY1011_pY1185_pY1189_pY1190_pY1314_pY1348_pY1355_pY992_pY999_pY1011_pY1185_pY1189_pY1190_pY1314_pY1348_pY1355_INSR_1__pY992_pY999_pY1011_pY1185_pY1189_pY1190_pY1314_pY1348_pY1355_pY992_pY999_pY1011_pY1185_pY1189_pY1190_pY1314_pY1348_pY1355_INSR_1__INS_1__IRS__P3C2A__PIP_	Cytoplasm	0.0	Deterministic
cyt_cong__IRS_	Cytoplasm	0.9354614267	Deterministic
cyt_prot__SPY2_1_	Cytoplasm	0.01808573061	Deterministic
cyt_prot__CBL_1_	Cytoplasm	5.299368504	Deterministic
cyt_prot__GRB2_1_	Cytoplasm	60.84451487	Deterministic
cyt_prot__GRB2__SOS1_1_	Cytoplasm	0.2810204152	Deterministic
nuc_prot__GRB2__p_SOS1_1_	Cytoplasm	0.2775355327	Deterministic
cyt_cong__PLCG_	Cytoplasm	2.214052426	Deterministic
cyt_cong__PIK3C_	Cytoplasm	0.02369597331	Deterministic
cyt_cong__PIK3R_	Cytoplasm	8.962088415	Deterministic
cyt_cong__PIK3C__PIK3R_	Cytoplasm	2.010578135	Deterministic
cyt_cong__p_PIK3C__PIK3R_	Cytoplasm	0.3385135811	Deterministic
cyt_prot__P3C2A_1_	Cytoplasm	1.723235633	Deterministic
cyt_prot__MTORC1_	Cytoplasm	2.742881957	Deterministic
cyt_prot_a__MTORC1_	Cytoplasm	0.1860980378	Deterministic
cyt_comp__PIP_	Cytoplasm	0.0	Deterministic
cyt_comp__PI_3_P_	Cytoplasm	0.0	Deterministic
cyt_comp__CDP_DAG_	Cytoplasm	0.0	Deterministic
cyt_cong__GRP_	Cytoplasm	9.676785567	Deterministic
cyt_mixed__CDP_DAG__GRP_1_	Cytoplasm	0.0	Deterministic
cyt_mixed__RAS__GTP_	Cytoplasm	2.800104908	Deterministic
cyt_mixed__RAS__GDP_	Cytoplasm	161.2777085	Deterministic
cyt_prot__NF1_1_	Cytoplasm	0.7812814321	Deterministic
cyt_prot__p_NF1_1_	Cytoplasm	0.0	Deterministic
nuc_prot___pS29_pS43_pS289_pS296_pS301_pS642_RAF1_1_	Cytoplasm	3.223639905	Deterministic
cyt_prot__RAF1_1_	Cytoplasm	3.263604692	Deterministic
cyt_mixed__RAS__GTP__RAF1_1_	Cytoplasm	0.9113379923	Deterministic
cyt_prot__BRAF_1_	Cytoplasm	0.4164321594	Deterministic
cyt_mixed__RAS__GTP__RAF1_1__BRAF_	Cytoplasm	0.1058145217	Deterministic
cyt_cong__MAP2K_	Cytoplasm	124.7698775	Deterministic
cyt_prot__p_MAP2K_	Cytoplasm	16.33498409	Deterministic
cyt_prot__p_p_MAP2K_	Cytoplasm	21.38149735	Deterministic
cyt_prot__DUS6_1_	Cytoplasm	0.001983584425	Deterministic
nuc_cong__MAPK_	Nucleus	0.3987465828	Deterministic
nuc_cong__p_p_MAPK_	Nucleus	7.175143579	Deterministic
cyt_cong__RPS6KA_	Cytoplasm	69.65112307	Deterministic
cyt_prot__p_RPS6KA_	Cytoplasm	0.6886433904	Deterministic
nuc_prot__p_RPS6KA_	Nucleus	1.74756681	Deterministic
nuc_prot__DUS1_	Nucleus	0.00204714573	Deterministic
nuc_prot__p_DUS1_	Nucleus	0.01576521236	Deterministic
nuc_prot__FOS_1_	Nucleus	2.985524393	Deterministic
nuc_prot__p_FOS_1_	Nucleus	0.2419661922	Deterministic
nuc_prot__JUN_	Nucleus	2.871228268	Deterministic
nuc_prot__p_FOS_1__JUN_	Nucleus	0.06914120439	Deterministic
nuc_prot__MYC_2_	Nucleus	45.43934455	Deterministic
nuc_prot__CTNB1_	Nucleus	35.4866998	Deterministic
cyt_prot__CTNB1_1_	Cytoplasm	17.75651187	Deterministic
cyt_prot__PS33_pS37_pT41_CTNB1_	Cytoplasm	179.7919173	Deterministic
cyt_comp__IP3_	Cytoplasm	0.0	Deterministic
cyt_comp__PIP2_	Cytoplasm	9998.269998	Deterministic
cyt_comp__PIP3_	Cytoplasm	1.607259025	Deterministic
cyt_prot__PTEN_1_	Cytoplasm	2.315664435	Deterministic
cyt_mixed__PIP3__AKT_	Cytoplasm	0.7350983973	Deterministic
cyt_cong__AKT_	Cytoplasm	48.16256372	Deterministic
cyt_cong__p_AKT_	Cytoplasm	0.03892695091	Deterministic
cyt_cong__p_p_AKT_	Cytoplasm	0.3892919084	Deterministic
cyt_prot__PDPK1_1_	Cytoplasm	11.50724922	Deterministic
cyt_mixed__PIP3__PDK1_	Cytoplasm	0.184938312	Deterministic
cyt_mixed__PIP3__p_AKT_	Cytoplasm	0.06359506873	Deterministic
cyt_prot__RICTR_1_	Cytoplasm	0.1671166632	Deterministic
cyt_prot__MTOR_1_	Cytoplasm	1.180387947	Deterministic
cyt_prot__MTORC2_	Cytoplasm	1.839403639	Deterministic
cyt_mixed__PIP3__p_p_AKT_	Cytoplasm	0.003957820178	Deterministic
cyt_prot__GSK3B_1_	Cytoplasm	40.76507343	Deterministic
cyt_prot__pS9_GSK3B_1_	Cytoplasm	1.441831283	Deterministic
cyt_prot__TSC1_1_	Cytoplasm	0.05639546773	Deterministic
cyt_prot__TSC2_1_	Cytoplasm	0.3487556372	Deterministic
cyt_prot__p_TSC2_1_	Cytoplasm	0.08680177471	Deterministic
cyt_prot__TSC1_1__TSC2_1_	Cytoplasm	0.1965771486	Deterministic
cyt_cong__KPC_	Cytoplasm	20.15290048	Deterministic
cyt_mixed__CDP_DAG__PRKC_	Cytoplasm	0.0	Deterministic
cyt_prot__pS153_PEBP1_	Cytoplasm	1.47e-09	Deterministic
cyt_prot__PEBP1_1_	Cytoplasm	1039.045014	Deterministic
cyt_prot__PEBP1__RAF1_1_	Cytoplasm	0.0	Deterministic
cyt_cong__MAPK_	Cytoplasm	220.5970742	Deterministic
cyt_cong__p_MAPK_	Cytoplasm	22.38543504	Deterministic
cyt_cong__p_p_MAPK_	Cytoplasm	10.87584841	Deterministic
cyt_prot__FOXO3_1_	Cytoplasm	0.3011389969	Deterministic
cyt_prot__pT32_pS253_FOXO3_1_	Cytoplasm	0.5116564989	Deterministic
cyt_mixed__RHEB__GDP_	Cytoplasm	105.3074772	Deterministic
cyt_mixed__RHEB__GTP_	Cytoplasm	0.0	Deterministic
cyt_prot__RPTOR_1_	Cytoplasm	0.2956705427	Deterministic
cyt_prot__KS6B1_1_	Cytoplasm	18.41546414	Deterministic
cyt_prot__pT412_KS6B1_1_	Cytoplasm	1.038285311	Deterministic
cyt_prot__4EBP1_1_	Cytoplasm	0.6519863334	Deterministic
cyt_prot__pT37_pT46_4EBP1_	Cytoplasm	1.099698471	Deterministic
cyt_prot__SOS1_1_	Cytoplasm	0.0005650214536	Deterministic
cyt_cong__GRB2__SOS1_1__p_p_MAPK_	Cytoplasm	0.002778458518	Deterministic
cyt_cong__RAF1_1__p_p_MAPK_	Cytoplasm	0.03226741766	Deterministic
cyt_mixed__RAS__GDP__CDP_DAG__GRP_1_	Cytoplasm	0.0	Deterministic
cyt_mixed__RAS__GTP__NF1_1_	Cytoplasm	0.003646114536	Deterministic
cyt_cong__NF1_1__p_p_MAPK_	Cytoplasm	0.0	Deterministic
cyt_mixed__MAP2K__RAS__GTP__RAF1_1__BRAF_	Cytoplasm	0.2200407289	Deterministic
cyt_mixed__p_MAP2K__RAS__GTP__RAF1_1__BRAF_	Cytoplasm	0.02880792928	Deterministic
cyt_cong__MAPK__p_p_MAP2K_	Cytoplasm	2.358343832	Deterministic
cyt_cong__p_MAPK__p_p_MAP2K_	Cytoplasm	0.2393166493	Deterministic
cyt_cong__RPS6KA__p_p_MAPK_	Cytoplasm	0.6886479027	Deterministic
nuc_prot__p_RPS6KA__DUS1_	Nucleus	3.25e-06	Deterministic
nuc_cong__p_p_MAPK__DUS1_	Nucleus	1.34e-05	Deterministic
nuc_prot__FOS_1__p_RPS6KA_	Nucleus	0.004741987248	Deterministic
nuc_cong__FOS_1__p_p_MAPK_	Nucleus	0.0194696072	Deterministic
cyt_cong__PEBP1__CDP_DAG__KPC_	Cytoplasm	0.0	Deterministic
cyt_mixed__PIP3__PTEN_	Cytoplasm	0.003383520066	Deterministic
cyt_mixed__PIP3__AKT__PIP3__PDK1_	Cytoplasm	0.0004531593108	Deterministic
cyt_mixed__PIP3__p_AKT__MTORC2_	Cytoplasm	0.0003899231479	Deterministic
cyt_cong__GSK3B_1__p_p_AKT_	Cytoplasm	0.01442675343	Deterministic
cyt_cong__TSC2_1__p_p_AKT_	Cytoplasm	0.0006788367848	Deterministic
cyt_cong__TSC2_1__p_p_MAPK_	Cytoplasm	0.001896455965	Deterministic
cyt_mixed__RHEB__GTP__TSC_	Cytoplasm	0.0	Deterministic
cyt_prot_a__4EBP1__MTORC1_	Cytoplasm	0.001103027667	Deterministic
cyt_prot_a__KS6B1_1__MTORC1_	Cytoplasm	0.003115521642	Deterministic
cyt_prot__FOXO3_1__p_p_AKT_	Cytoplasm	0.0005328652799	Deterministic
cyt_prot_a__PIK3C__PIK3R__MTORC1_	Cytoplasm	0.0003401418026	Deterministic
cyt_cong__p_MAPK__DUS6_1_	Cytoplasm	4.04e-05	Deterministic
cyt_cong__p_p_MAPK__DUS6_1_	Cytoplasm	0.0	Deterministic
cyt_cong__p_p_MAPK__p_DUS1_	Cytoplasm	0.0001027622895	Deterministic
cyt_mixed__RAS__GTP__BRAF_	Cytoplasm	0.1161464233	Deterministic
cyt_mixed__RAS__GTP__BRAF__BRAF_	Cytoplasm	0.001348969533	Deterministic
cyt_mixed__MAP2K__RAS__GTP__BRAF__BRAF_	Cytoplasm	0.00153009651	Deterministic
cyt_mixed__p_MAP2K__RAS__GTP__BRAF__BRAF_	Cytoplasm	0.0002003216054	Deterministic
cyt_prot__IF4E_1_	Cytoplasm	235.6398262	Deterministic
cyt_prot__4EBP1__IF4E_1_	Cytoplasm	15.3170243	Deterministic
cyt_mixed__RAS__GTP__RAF1_1__RAF1_1_	Cytoplasm	0.08304725671	Deterministic
cyt_mixed__MAP2K__RAS__GTP__RAF1_1__RAF1_1_	Cytoplasm	0.5180873096	Deterministic
cyt_mixed__p_MAP2K__RAS__GTP__RAF1_1__RAF1_1_	Cytoplasm	0.06782845453	Deterministic
nuc_prot__FOXO3_1_	Nucleus	9.030426687	Deterministic
cyt_comp__MAP2Kinhibitor_	Cytoplasm	0.0	Deterministic
cyt_mixed__MAP2Kinhibitor__p_p_MAP2K_	Cytoplasm	0.0	Deterministic
cyt_comp__AKTinhibitor_	Cytoplasm	0.0	Deterministic
cyt_cong__AKTinhibitor__AKT_	Cytoplasm	0.0	Deterministic
cyt_abs__TotalmRNA_	Cytoplasm	37.68942105	Deterministic
cyt_abs__IF4E_1__TotalmRNA_	Cytoplasm	88.80980732	Deterministic
cyt_prot__INGR2_	Cytoplasm	0.7885015722	Deterministic
cyt_cong__JAK_	Cytoplasm	12.90983459	Deterministic
cyt_cong__INGR2__JAK_	Cytoplasm	20.35697717	Deterministic
cyt_cong__IFNG__INGR2__JAK_	Cytoplasm	0.0	Deterministic
cyt_cong__IFNG__INGR2__JAK__INGR2__JAK_	Cytoplasm	0.0	Deterministic
cyt_cong__p_IFNG__INGR2__JAK__INGR2__JAK_	Cytoplasm	0.0	Deterministic
cyt_prot__STAT1_	Cytoplasm	27.33330844	Deterministic
cyt_cong__p_IFNG__INGR2__JAK__INGR2__JAK__STAT1_	Cytoplasm	0.0	Deterministic
cyt_prot__p_STAT1_	Cytoplasm	0.0	Deterministic
cyt_cong__p_IFNG__INGR2__JAK__INGR2__JAK__p_STAT1_	Cytoplasm	0.0	Deterministic
cyt_prot__p_STAT1__p_STAT1_	Cytoplasm	0.0	Deterministic
cyt_prot__PTN11_	Cytoplasm	56.22284261	Deterministic
cyt_cong__p_IFNG__INGR2__JAK__INGR2__JAK__PTN11_	Cytoplasm	0.0	Deterministic
cyt_prot__PTN1_	Cytoplasm	28.11142131	Deterministic
cyt_prot__p_STAT1__PTN1_	Cytoplasm	0.0	Deterministic
cyt_prot__STAT1__p_STAT1_	Cytoplasm	0.0	Deterministic
nuc_prot__p_STAT1__p_STAT1_	Nucleus	0.0	Deterministic
nuc_prot__p_STAT1_	Nucleus	0.0	Deterministic
nuc_prot__PTN2_	Nucleus	28.11142131	Deterministic
nuc_prot__p_STAT1__PTN2_	Nucleus	0.0	Deterministic
nuc_prot__STAT1_	Nucleus	0.0	Deterministic
nuc_prot__STAT1__p_STAT1_	Nucleus	0.0	Deterministic
cyt_prot__SOCS1_	Cytoplasm	0.0	Deterministic
cyt_cong__p_IFNG__INGR2__JAK__INGR2__JAK__SOCS1_	Cytoplasm	0.0	Deterministic
cyt_cong__p_IFNG__INGR2__JAK__INGR2__JAK__PTN11__SOCS1__STAT1_	Cytoplasm	0.0	Deterministic
cyt_prot__p_STAT1__p_STAT1__PTN1_	Cytoplasm	0.0	Deterministic
nuc_prot__p_STAT1__p_STAT1__PTN2_	Nucleus	0.0	Deterministic
cyt_cong__p_IFNG__INGR2__JAK__INGR2__JAK__SOCS1__STAT1_	Cytoplasm	0.0	Deterministic
exc_prot__IFNG_	Extracellular	0.0	Deterministic
cyt_cong__p_IFNG__INGR2__JAK__INGR2__JAK__PTN11__STAT1_	Cytoplasm	0.0	Deterministic
cyt_cong__IFNG__p_INGR2__JAK__p_INGR2__JAK__PTN11__SOCS1_	Cytoplasm	0.0	Deterministic
cyt_prot__IFNG__INGR2_	Cytoplasm	0.0	Deterministic
cyt_mrna__TP53_201_	Cytoplasm	0.002529984	Stochastic
cyt_mrna__MDM2_202_	Cytoplasm	0.0158124	Stochastic
cyt_mrna__PPM1D_201_	Cytoplasm	0.0006324961	Stochastic
cyt_mrna__ATM_229_	Cytoplasm	0.0009487441	Stochastic
cyt_mrna__ATR_201_	Cytoplasm	0.0006324961	Stochastic
cyt_mrna__RB1_201_	Cytoplasm	0.005376217	Deterministic
cyt_mrna__E2F1_201_	Cytoplasm	0.005376217	Deterministic
cyt_mrna__E2F2_204_	Cytoplasm	0.005376217	Deterministic
cyt_mrna__E2F3_201_	Cytoplasm	0.005376217	Deterministic
cyt_mrna__CCND1_201_	Cytoplasm	0.001897488	Stochastic
cyt_mrna__CCND2_201_	Cytoplasm	0.000316248	Stochastic
cyt_mrna__CCND3_203_	Cytoplasm	0.0006324961	Stochastic
cyt_mrna__CCNE1_201_	Cytoplasm	0.005376217	Deterministic
cyt_mrna__CCNE2_201_	Cytoplasm	0.005376217	Deterministic
cyt_mrna__SKP2_202_	Cytoplasm	0.005376217	Deterministic
cyt_mrna__CDC25A_201_	Cytoplasm	0.005376217	Deterministic
cyt_mrna__CDC25B_201_	Cytoplasm	0.005376217	Deterministic
cyt_mrna__CDC25C_201_	Cytoplasm	0.005376217	Deterministic
cyt_mrna__CCNA2_201_	Cytoplasm	0.005376217	Deterministic
cyt_mrna__CDKN1B_201_	Cytoplasm	0.005376217	Deterministic
cyt_mrna__CDH1_201_	Cytoplasm	0.005376217	Deterministic
cyt_mrna__CCNB1_201_	Cytoplasm	0.005376217	Deterministic
cyt_mrna__CDC20_201_	Cytoplasm	0.005376217	Deterministic
cyt_mrna__WEE1_202_	Cytoplasm	0.005376217	Deterministic
cyt_mrna__CHEK1_204_	Cytoplasm	0.005376217	Deterministic
cyt_mrna__CDKN1A_201_	Cytoplasm	0.003794976	Deterministic
cyt_mrna__CDK1_203_	Cytoplasm	0.01391491	Deterministic
cyt_mrna__CDK2_201_	Cytoplasm	0.0006324961	Deterministic
cyt_mrna__CDK4_201_	Cytoplasm	0.003478728	Deterministic
cyt_mrna__CDK6_202_	Cytoplasm	0.002213736	Deterministic
cyt_mrna__TNFSF10_201_	Cytoplasm	0.0	Stochastic
cyt_mrna__TNFRSF10A_201_	Cytoplasm	0.000316248	Stochastic
cyt_mrna__TNFRSF10B_201_	Cytoplasm	0.004111224	Stochastic
cyt_mrna__CFLAR_201_	Cytoplasm	0.00316248	Stochastic
cyt_mrna__CASP8_218_	Cytoplasm	0.002529984	Stochastic
cyt_mrna__CASP10_202_	Cytoplasm	0.00158124	Stochastic
cyt_mrna__BFAR_222_	Cytoplasm	0.01138493	Stochastic
cyt_mrna__CASP3_201_	Cytoplasm	0.004111224	Stochastic
cyt_mrna__CASP7_203_	Cytoplasm	0.007273705	Stochastic
cyt_mrna__CASP6_201_	Cytoplasm	0.008538697	Stochastic
cyt_mrna__XIAP_202_	Cytoplasm	0.00158124	Stochastic
cyt_mrna__PARP1_203_	Cytoplasm	0.006641209	Stochastic
cyt_mrna__BID_211_	Cytoplasm	0.00474372	Stochastic
cyt_mrna__BCL2_201_	Cytoplasm	0.0	Stochastic
cyt_mrna__BCL2L1_201_	Cytoplasm	0.0009487441	Stochastic
cyt_mrna__MCL1_202_	Cytoplasm	0.006641209	Stochastic
cyt_mrna__BAX_202_	Cytoplasm	0.0009487441	Stochastic
cyt_mrna__CYC1_201_	Cytoplasm	0.02909482	Stochastic
cyt_mrna__DIABLO_206_	Cytoplasm	0.002846232	Stochastic
cyt_mrna__APAF1_210_	Cytoplasm	0.0006324961	Stochastic
cyt_mrna__CASP9_201_	Cytoplasm	0.0006324961	Stochastic
cyt_mrna__BAD_201_	Cytoplasm	0.004111224	Stochastic
cyt_mrna__BBC3_203_	Cytoplasm	0.000316248	Stochastic
cyt_mrna__PMAIP1_202_	Cytoplasm	0.001264992	Stochastic
cyt_mrna__BCL2L11_204_	Cytoplasm	0.0009487441	Stochastic
cyt_mrna__EGF_201_	Cytoplasm	0.0	Stochastic
cyt_mrna__NRG1_203_	Cytoplasm	0.0	Stochastic
cyt_mrna__EGFR_201_	Cytoplasm	0.002529984	Stochastic
cyt_mrna__ERBB2_201_	Cytoplasm	0.001264992	Stochastic
cyt_mrna__ERBB3_201_	Cytoplasm	0.005376217	Stochastic
cyt_mrna__ERBB4_202_	Cytoplasm	0.0	Stochastic
cyt_mrna__MET_202_	Cytoplasm	0.005692465	Stochastic
cyt_mrna__HGF_201_	Cytoplasm	0.0	Stochastic
cyt_mrna__PDGFRA_201_	Cytoplasm	0.000316248	Stochastic
cyt_mrna__PDGFRB_201_	Cytoplasm	0.000316248	Stochastic
cyt_mrna__PDGFB_201_	Cytoplasm	0.0	Stochastic
cyt_mrna__SPRY2_202_	Cytoplasm	0.0006324961	Stochastic
cyt_mrna__CBL_201_	Cytoplasm	0.0009487441	Stochastic
cyt_mrna__GRB2_202_	Cytoplasm	0.00158124	Stochastic
cyt_mrna__PLCG1_223_	Cytoplasm	0.000316248	Stochastic
cyt_mrna__PLCG2_208_	Cytoplasm	0.000316248	Stochastic
cyt_mrna__PIK3CA_201_	Cytoplasm	0.0006324961	Stochastic
cyt_mrna__PTPN2_201_	Cytoplasm	0.0006324961	Stochastic
cyt_mrna__PIK3CG_205_	Cytoplasm	0.0	Stochastic
cyt_mrna__PIK3CD_202_	Cytoplasm	0.0	Stochastic
cyt_mrna__PIK3R1_211_	Cytoplasm	0.0006324961	Stochastic
cyt_mrna__PIK3R2_201_	Cytoplasm	0.000316248	Stochastic
cyt_mrna__PIK3R3_201_	Cytoplasm	0.002846232	Stochastic
cyt_mrna__PIK3R4_201_	Cytoplasm	0.000316248	Stochastic
cyt_mrna__PIK3C2A_206_	Cytoplasm	0.00158124	Stochastic
cyt_mrna__RASGRP1_201_	Cytoplasm	0.0	Stochastic
cyt_mrna__RASGRP3_202_	Cytoplasm	0.000316248	Stochastic
cyt_mrna__NRAS_201_	Cytoplasm	0.004427472	Stochastic
cyt_mrna__KRAS_202_	Cytoplasm	0.002529984	Stochastic
cyt_mrna__HRAS_221_	Cytoplasm	0.0009487441	Stochastic
cyt_mrna__NF1_202_	Cytoplasm	0.001264992	Stochastic
cyt_mrna__RAF1_201_	Cytoplasm	0.001897488	Stochastic
cyt_mrna__BRAF_220_	Cytoplasm	0.000316248	Stochastic
cyt_mrna__MAP2K1_201_	Cytoplasm	0.0006324961	Stochastic
cyt_mrna__MAP2K2_201_	Cytoplasm	0.0009487441	Stochastic
cyt_mrna__DUSP6_201_	Cytoplasm	0.000316248	Stochastic
cyt_mrna__RPS6KA1_236_	Cytoplasm	0.000316248	Stochastic
cyt_mrna__RPS6KA2_201_	Cytoplasm	0.0006324961	Stochastic
cyt_mrna__RPS6KA3_201_	Cytoplasm	0.001264992	Stochastic
cyt_mrna__RPS6KA4_201_	Cytoplasm	0.000316248	Stochastic
cyt_mrna__DUSP1_201_	Cytoplasm	0.0009487441	Stochastic
cyt_mrna__FOS_201_	Cytoplasm	0.0009487441	Stochastic
cyt_mrna__JUN_201_	Cytoplasm	0.002213736	Stochastic
cyt_mrna__MYC_206_	Cytoplasm	0.0006324961	Stochastic
cyt_mrna__CTNNB1_201_	Cytoplasm	0.01043619	Stochastic
cyt_mrna__PTEN_227_	Cytoplasm	0.007273705	Stochastic
cyt_mrna__AKT1_218_	Cytoplasm	0.000316248	Stochastic
cyt_mrna__AKT2_206_	Cytoplasm	0.0009487441	Stochastic
cyt_mrna__PDPK1_202_	Cytoplasm	0.0009487441	Stochastic
cyt_mrna__RICTOR_202_	Cytoplasm	0.001264992	Stochastic
cyt_mrna__MTOR_201_	Cytoplasm	0.000316248	Stochastic
cyt_mrna__GSK3B_201_	Cytoplasm	0.0009487441	Stochastic
cyt_mrna__TSC1_201_	Cytoplasm	0.001264992	Stochastic
cyt_mrna__TSC2_201_	Cytoplasm	0.000316248	Stochastic
cyt_mrna__PRKCA_202_	Cytoplasm	0.0006324961	Stochastic
cyt_mrna__PRKCB_210_	Cytoplasm	0.000316248	Stochastic
cyt_mrna__PRKCG_201_	Cytoplasm	0.0	Stochastic
cyt_mrna__PRKCD_201_	Cytoplasm	0.0009487441	Stochastic
cyt_mrna__PEBP1_201_	Cytoplasm	0.01170118	Stochastic
cyt_mrna__MAPK1_201_	Cytoplasm	0.001897488	Stochastic
cyt_mrna__MAPK3_201_	Cytoplasm	0.0006324961	Stochastic
cyt_mrna__FOXO3_202_	Cytoplasm	0.001264992	Stochastic
cyt_mrna__RHEB_201_	Cytoplasm	0.009803689	Stochastic
cyt_mrna__RPTOR_201_	Cytoplasm	0.000316248	Stochastic
cyt_mrna__RPS6KB1_201_	Cytoplasm	0.0009487441	Stochastic
cyt_mrna__RPS6KB2_201_	Cytoplasm	0.0006324961	Stochastic
cyt_mrna__EIF4EBP1_201_	Cytoplasm	0.01201743	Stochastic
cyt_mrna__SOS1_202_	Cytoplasm	0.0009487441	Stochastic
cyt_mrna__CDKN2A_201_	Cytoplasm	0.0	Stochastic
cyt_mrna__MDM4_203_	Cytoplasm	0.002213736	Stochastic
cyt_mrna__FGFR1_214_	Cytoplasm	0.000316248	Stochastic
cyt_mrna__FGFR2_206_	Cytoplasm	0.0006324961	Stochastic
cyt_mrna__FGF1_201_	Cytoplasm	0.0	Stochastic
cyt_mrna__FGF2_203_	Cytoplasm	0.0	Stochastic
cyt_mrna__EIF4E_203_	Cytoplasm	0.01201743	Stochastic
cyt_mrna__IRS1_201_	Cytoplasm	0.0009487441	Stochastic
cyt_mrna__IRS2_201_	Cytoplasm	0.0006324961	Stochastic
cyt_mrna__IGF1_202_	Cytoplasm	0.0	Stochastic
cyt_mrna__IGF2_205_	Cytoplasm	0.0	Stochastic
cyt_mrna__IGF1R_217_	Cytoplasm	0.0009487441	Stochastic
cyt_mrna__MSH6_201_	Cytoplasm	0.00158124	Stochastic
cyt_mrna__BRCA2_201_	Cytoplasm	0.0006324961	Stochastic
cyt_mrna__MGMT_205_	Cytoplasm	0.00158124	Stochastic
cyt_mrna__INSR_201_	Cytoplasm	0.001897488	Stochastic
cyt_mrna__INS_202_	Cytoplasm	0.0	Stochastic
cyt_mrna__IFNG_201_	Cytoplasm	0.0	Stochastic
cyt_mrna__IFNGR2_201_	Cytoplasm	0.001944966	Stochastic
cyt_mrna__JAK1_201_	Cytoplasm	0.003059889	Stochastic
cyt_mrna__STAT1_201_	Cytoplasm	0.002514124	Stochastic
cyt_mrna__PTPN11_201_	Cytoplasm	0.00517139	Stochastic
cyt_mrna__PIK3CB_212_	Cytoplasm	0.002585695	Stochastic
cyt_mrna__PTPN1_201_	Cytoplasm	0.002585695	Stochastic
cyt_mrna__SOCS1_201_	Cytoplasm	0.0	Stochastic
nuc_gene_a__TP53_	Nucleus	0.0018974882	Stochastic
nuc_gene_a__MDM2_	Nucleus	0.0018974882	Stochastic
nuc_gene_a__PPM1D_	Nucleus	0.0018974882	Stochastic
nuc_gene_a__ATM_	Nucleus	0.0018974882	Stochastic
nuc_gene_a__ATR_	Nucleus	0.0018974882	Stochastic
nuc_gene_a__RB1_	Nucleus	0.0018974882	Deterministic
nuc_gene_a__E2F1_	Nucleus	0.0018974882	Deterministic
nuc_gene_a__E2F2_	Nucleus	0.0018974882	Deterministic
nuc_gene_a__E2F3_	Nucleus	0.0018974882	Deterministic
nuc_gene_a__CCND1_	Nucleus	0.0018974882	Stochastic
nuc_gene_a__CCND2_	Nucleus	0.0018974882	Stochastic
nuc_gene_a__CCND3_	Nucleus	0.0018974882	Stochastic
nuc_gene_a__CCNE1_	Nucleus	0.0018974882	Deterministic
nuc_gene_a__CCNE2_	Nucleus	0.0018974882	Deterministic
nuc_gene_a__SKP2_	Nucleus	0.0018974882	Deterministic
nuc_gene_a__CDC25A_	Nucleus	0.0018974882	Deterministic
nuc_gene_a__CDC25B_	Nucleus	0.0018974882	Deterministic
nuc_gene_a__CDC25C_	Nucleus	0.0028462323	Deterministic
nuc_gene_a__CCNA2_	Nucleus	0.0018974882	Deterministic
nuc_gene_a__CDKN1B_	Nucleus	0.0018974882	Deterministic
nuc_gene_a__CDH1_	Nucleus	0.0018974882	Deterministic
nuc_gene_a__CCNB1_	Nucleus	0.0018974882	Deterministic
nuc_gene_a__CDC20_	Nucleus	0.0018974882	Deterministic
nuc_gene_a__WEE1_	Nucleus	0.0018974882	Deterministic
nuc_gene_a__CHEK1_	Nucleus	0.0018974882	Deterministic
nuc_gene_a__CDKN1A_	Nucleus	0.0018974882	Deterministic
nuc_gene_a__CDK1_	Nucleus	0.0018974882	Deterministic
nuc_gene_a__CDK2_	Nucleus	0.0018974882	Deterministic
nuc_gene_a__CDK4_	Nucleus	0.0018974882	Deterministic
nuc_gene_a__CDK6_	Nucleus	0.0018974882	Deterministic
nuc_gene_a__TNFSF10_	Nucleus	0.0018974882	Stochastic
nuc_gene_a__TNFRSF10A_	Nucleus	0.0018974882	Stochastic
nuc_gene_a__TNFRSF10B_	Nucleus	0.0018974882	Stochastic
nuc_gene_a__CFLAR_	Nucleus	0.0018974882	Stochastic
nuc_gene_a__CASP8_	Nucleus	0.0018974882	Stochastic
nuc_gene_a__CASP10_	Nucleus	0.0018974882	Stochastic
nuc_gene_a__BFAR_	Nucleus	0.0018974882	Stochastic
nuc_gene_a__CASP3_	Nucleus	0.0018974882	Stochastic
nuc_gene_a__CASP7_	Nucleus	0.0018974882	Stochastic
nuc_gene_a__CASP6_	Nucleus	0.0018974882	Stochastic
nuc_gene_a__XIAP_	Nucleus	0.0018974882	Stochastic
nuc_gene_a__PARP1_	Nucleus	0.0037949764	Stochastic
nuc_gene_a__BID_	Nucleus	0.0018974882	Stochastic
nuc_gene_a__BCL2_	Nucleus	0.0018974882	Stochastic
nuc_gene_a__BCL2L1_	Nucleus	0.0018974882	Stochastic
nuc_gene_a__MCL1_	Nucleus	0.0028462323	Stochastic
nuc_gene_a__BAX_	Nucleus	0.0018974882	Stochastic
nuc_gene_a__CYC1_	Nucleus	0.0018974882	Stochastic
nuc_gene_a__DIABLO_	Nucleus	0.0018974882	Stochastic
nuc_gene_a__APAF1_	Nucleus	0.0018974882	Stochastic
nuc_gene_a__CASP9_	Nucleus	0.0018974882	Stochastic
nuc_gene_a__BAD_	Nucleus	0.0018974882	Stochastic
nuc_gene_a__BBC3_	Nucleus	0.0018974882	Stochastic
nuc_gene_a__PMAIP1_	Nucleus	0.0018974882	Stochastic
nuc_gene_a__BCL2L11_	Nucleus	0.0018974882	Stochastic
nuc_gene_a__EGF_	Nucleus	0.0018974882	Stochastic
nuc_gene_a__NRG1_	Nucleus	0.0018974882	Stochastic
nuc_gene_a__EGFR_	Nucleus	0.0018974882	Stochastic
nuc_gene_a__ERBB2_	Nucleus	0.0018974882	Stochastic
nuc_gene_a__ERBB3_	Nucleus	0.0018974882	Stochastic
nuc_gene_a__ERBB4_	Nucleus	0.0018974882	Stochastic
nuc_gene_a__MET_	Nucleus	0.0018974882	Stochastic
nuc_gene_a__HGF_	Nucleus	0.0018974882	Stochastic
nuc_gene_a__PDGFRA_	Nucleus	0.0018974882	Stochastic
nuc_gene_a__PDGFRB_	Nucleus	0.0028462323	Stochastic
nuc_gene_a__PDGFB_	Nucleus	0.0018974882	Stochastic
nuc_gene_a__SPRY2_	Nucleus	0.0018974882	Stochastic
nuc_gene_a__CBL_	Nucleus	0.0018974882	Stochastic
nuc_gene_a__GRB2_	Nucleus	0.0018974882	Stochastic
nuc_gene_a__PLCG1_	Nucleus	0.0018974882	Stochastic
nuc_gene_a__PLCG2_	Nucleus	0.0018974882	Stochastic
nuc_gene_a__PIK3CA_	Nucleus	0.0018974882	Stochastic
nuc_gene_a__PIK3CB_	Nucleus	0.0018974882	Stochastic
nuc_gene_a__PIK3CG_	Nucleus	0.0018974882	Stochastic
nuc_gene_a__PIK3CD_	Nucleus	0.0018974882	Stochastic
nuc_gene_a__PIK3R1_	Nucleus	0.0018974882	Stochastic
nuc_gene_a__PIK3R2_	Nucleus	0.0018974882	Stochastic
nuc_gene_a__PIK3R3_	Nucleus	0.0018974882	Stochastic
nuc_gene_a__PIK3R4_	Nucleus	0.0018974882	Stochastic
nuc_gene_a__PIK3C2A_	Nucleus	0.0018974882	Stochastic
nuc_gene_a__RASGRP1_	Nucleus	0.0018974882	Stochastic
nuc_gene_a__RASGRP3_	Nucleus	0.0018974882	Stochastic
nuc_gene_a__NRAS_	Nucleus	0.0018974882	Stochastic
nuc_gene_a__KRAS_	Nucleus	0.0018974882	Stochastic
nuc_gene_a__HRAS_	Nucleus	0.0018974882	Stochastic
nuc_gene_a__NF1_	Nucleus	0.0018974882	Stochastic
nuc_gene_a__RAF1_	Nucleus	0.0018974882	Stochastic
nuc_gene_a__BRAF_	Nucleus	0.0018974882	Stochastic
nuc_gene_a__MAP2K1_	Nucleus	0.0018974882	Stochastic
nuc_gene_a__MAP2K2_	Nucleus	0.0018974882	Stochastic
nuc_gene_a__DUSP6_	Nucleus	0.0018974882	Stochastic
nuc_gene_a__RPS6KA1_	Nucleus	0.0018974882	Stochastic
nuc_gene_a__RPS6KA2_	Nucleus	0.0018974882	Stochastic
nuc_gene_a__RPS6KA3_	Nucleus	0.0018974882	Stochastic
nuc_gene_a__RPS6KA4_	Nucleus	0.0018974882	Stochastic
nuc_gene_a__DUSP1_	Nucleus	0.0028462323	Stochastic
nuc_gene_a__FOS_	Nucleus	0.0018974882	Stochastic
nuc_gene_a__JUN_	Nucleus	0.0018974882	Stochastic
nuc_gene_a__MYC_	Nucleus	0.0028462323	Stochastic
nuc_gene_a__CTNNB1_	Nucleus	0.0018974882	Stochastic
nuc_gene_a__PTEN_	Nucleus	0.0018974882	Stochastic
nuc_gene_a__AKT1_	Nucleus	0.0018974882	Stochastic
nuc_gene_a__AKT2_	Nucleus	0.0018974882	Stochastic
nuc_gene_a__PDPK1_	Nucleus	0.0018974882	Stochastic
nuc_gene_a__RICTOR_	Nucleus	0.0018974882	Stochastic
nuc_gene_a__MTOR_	Nucleus	0.0018974882	Stochastic
nuc_gene_a__GSK3B_	Nucleus	0.0018974882	Stochastic
nuc_gene_a__TSC1_	Nucleus	0.0018974882	Stochastic
nuc_gene_a__TSC2_	Nucleus	0.0018974882	Stochastic
nuc_gene_a__PRKCA_	Nucleus	0.0018974882	Stochastic
nuc_gene_a__PRKCB_	Nucleus	0.0018974882	Stochastic
nuc_gene_a__PRKCG_	Nucleus	0.0018974882	Stochastic
nuc_gene_a__PRKCD_	Nucleus	0.0018974882	Stochastic
nuc_gene_a__PEBP1_	Nucleus	0.0018974882	Stochastic
nuc_gene_a__MAPK1_	Nucleus	0.0018974882	Stochastic
nuc_gene_a__MAPK3_	Nucleus	0.0018974882	Stochastic
nuc_gene_a__FOXO3_	Nucleus	0.0018974882	Stochastic
nuc_gene_a__RHEB_	Nucleus	0.0018974882	Stochastic
nuc_gene_a__RPTOR_	Nucleus	0.0018974882	Stochastic
nuc_gene_a__RPS6KB1_	Nucleus	0.0018974882	Stochastic
nuc_gene_a__RPS6KB2_	Nucleus	0.0018974882	Stochastic
nuc_gene_a__EIF4EBP1_	Nucleus	0.0018974882	Stochastic
nuc_gene_a__SOS1_	Nucleus	0.0018974882	Stochastic
nuc_gene_a__CDKN2A_	Nucleus	0.0	Stochastic
nuc_gene_a__MDM4_	Nucleus	0.0037949764	Stochastic
nuc_gene_a__FGFR1_	Nucleus	0.0018974882	Stochastic
nuc_gene_a__FGFR2_	Nucleus	0.0018974882	Stochastic
nuc_gene_a__FGF1_	Nucleus	0.0028462323	Stochastic
nuc_gene_a__FGF2_	Nucleus	0.0018974882	Stochastic
nuc_gene_a__EIF4E_	Nucleus	0.0018974882	Stochastic
nuc_gene_a__IRS1_	Nucleus	0.0018974882	Stochastic
nuc_gene_a__IRS2_	Nucleus	0.0018974882	Stochastic
nuc_gene_a__IGF1_	Nucleus	0.0018974882	Stochastic
nuc_gene_a__IGF2_	Nucleus	0.0018974882	Stochastic
nuc_gene_a__IGF1R_	Nucleus	0.0018974882	Stochastic
nuc_gene_a__MSH6_	Nucleus	0.0018974882	Stochastic
nuc_gene_a__BRCA2_	Nucleus	0.0018974882	Stochastic
nuc_gene_a__MGMT_	Nucleus	0.0018974882	Stochastic
nuc_gene_a__INSR_	Nucleus	0.0018974882	Stochastic
nuc_gene_a__INS_	Nucleus	0.0018974882	Stochastic
nuc_gene_a__IFNG_	Nucleus	0.0018974882	Stochastic
nuc_gene_a__IFNGR2_	Nucleus	0.0018974882	Stochastic
nuc_gene_a__JAK1_	Nucleus	0.0018974882	Stochastic
nuc_gene_a__STAT1_	Nucleus	0.0018974882	Stochastic
nuc_gene_a__PTPN11_	Nucleus	0.0018974882	Stochastic
nuc_gene_a__PTPN2_	Nucleus	0.0018974882	Stochastic
nuc_gene_a__PTPN1_	Nucleus	0.0018974882	Stochastic
nuc_gene_a__SOCS1_	Nucleus	0.0018974882	Stochastic
nuc_gene_i__TP53_	Nucleus	0.0	Stochastic
nuc_gene_i__MDM2_	Nucleus	0.0	Stochastic
nuc_gene_i__PPM1D_	Nucleus	0.0	Stochastic
nuc_gene_i__ATM_	Nucleus	0.0	Stochastic
nuc_gene_i__ATR_	Nucleus	0.0	Stochastic
nuc_gene_i__RB1_	Nucleus	0.0	Deterministic
nuc_gene_i__E2F1_	Nucleus	0.0	Deterministic
nuc_gene_i__E2F2_	Nucleus	0.0	Deterministic
nuc_gene_i__E2F3_	Nucleus	0.0	Deterministic
nuc_gene_i__CCND1_	Nucleus	0.0	Stochastic
nuc_gene_i__CCND2_	Nucleus	0.0	Stochastic
nuc_gene_i__CCND3_	Nucleus	0.0	Stochastic
nuc_gene_i__CCNE1_	Nucleus	0.0	Deterministic
nuc_gene_i__CCNE2_	Nucleus	0.0	Deterministic
nuc_gene_i__SKP2_	Nucleus	0.0	Deterministic
nuc_gene_i__CDC25A_	Nucleus	0.0	Deterministic
nuc_gene_i__CDC25B_	Nucleus	0.0	Deterministic
nuc_gene_i__CDC25C_	Nucleus	0.0	Deterministic
nuc_gene_i__CCNA2_	Nucleus	0.0	Deterministic
nuc_gene_i__CDKN1B_	Nucleus	0.0	Deterministic
nuc_gene_i__CDH1_	Nucleus	0.0	Deterministic
nuc_gene_i__CCNB1_	Nucleus	0.0	Deterministic
nuc_gene_i__CDC20_	Nucleus	0.0	Deterministic
nuc_gene_i__WEE1_	Nucleus	0.0	Deterministic
nuc_gene_i__CHEK1_	Nucleus	0.0	Deterministic
nuc_gene_i__CDKN1A_	Nucleus	0.0	Deterministic
nuc_gene_i__CDK1_	Nucleus	0.0	Deterministic
nuc_gene_i__CDK2_	Nucleus	0.0	Deterministic
nuc_gene_i__CDK4_	Nucleus	0.0	Deterministic
nuc_gene_i__CDK6_	Nucleus	0.0	Deterministic
nuc_gene_i__TNFSF10_	Nucleus	0.0	Stochastic
nuc_gene_i__TNFRSF10A_	Nucleus	0.0	Stochastic
nuc_gene_i__TNFRSF10B_	Nucleus	0.0	Stochastic
nuc_gene_i__CFLAR_	Nucleus	0.0	Stochastic
nuc_gene_i__CASP8_	Nucleus	0.0	Stochastic
nuc_gene_i__CASP10_	Nucleus	0.0	Stochastic
nuc_gene_i__BFAR_	Nucleus	0.0	Stochastic
nuc_gene_i__CASP3_	Nucleus	0.0	Stochastic
nuc_gene_i__CASP7_	Nucleus	0.0	Stochastic
nuc_gene_i__CASP6_	Nucleus	0.0	Stochastic
nuc_gene_i__XIAP_	Nucleus	0.0	Stochastic
nuc_gene_i__PARP1_	Nucleus	0.0	Stochastic
nuc_gene_i__BID_	Nucleus	0.0	Stochastic
nuc_gene_i__BCL2_	Nucleus	0.0	Stochastic
nuc_gene_i__BCL2L1_	Nucleus	0.0	Stochastic
nuc_gene_i__MCL1_	Nucleus	0.0	Stochastic
nuc_gene_i__BAX_	Nucleus	0.0	Stochastic
nuc_gene_i__CYC1_	Nucleus	0.0	Stochastic
nuc_gene_i__DIABLO_	Nucleus	0.0	Stochastic
nuc_gene_i__APAF1_	Nucleus	0.0	Stochastic
nuc_gene_i__CASP9_	Nucleus	0.0	Stochastic
nuc_gene_i__BAD_	Nucleus	0.0	Stochastic
nuc_gene_i__BBC3_	Nucleus	0.0	Stochastic
nuc_gene_i__PMAIP1_	Nucleus	0.0	Stochastic
nuc_gene_i__BCL2L11_	Nucleus	0.0	Stochastic
nuc_gene_i__EGF_	Nucleus	0.0	Stochastic
nuc_gene_i__NRG1_	Nucleus	0.0	Stochastic
nuc_gene_i__EGFR_	Nucleus	0.0	Stochastic
nuc_gene_i__ERBB2_	Nucleus	0.0	Stochastic
nuc_gene_i__ERBB3_	Nucleus	0.0	Stochastic
nuc_gene_i__ERBB4_	Nucleus	0.0	Stochastic
nuc_gene_i__MET_	Nucleus	0.0	Stochastic
nuc_gene_i__HGF_	Nucleus	0.0	Stochastic
nuc_gene_i__PDGFRA_	Nucleus	0.0	Stochastic
nuc_gene_i__PDGFRB_	Nucleus	0.0	Stochastic
nuc_gene_i__PDGFB_	Nucleus	0.0	Stochastic
nuc_gene_i__SPRY2_	Nucleus	0.0	Stochastic
nuc_gene_i__CBL_	Nucleus	0.0	Stochastic
nuc_gene_i__GRB2_	Nucleus	0.0	Stochastic
nuc_gene_i__PLCG1_	Nucleus	0.0	Stochastic
nuc_gene_i__PLCG2_	Nucleus	0.0	Stochastic
nuc_gene_i__PIK3CA_	Nucleus	0.0	Stochastic
nuc_gene_i__PIK3CB_	Nucleus	0.0	Stochastic
nuc_gene_i__PIK3CG_	Nucleus	0.0	Stochastic
nuc_gene_i__PIK3CD_	Nucleus	0.0	Stochastic
nuc_gene_i__PIK3R1_	Nucleus	0.0	Stochastic
nuc_gene_i__PIK3R2_	Nucleus	0.0	Stochastic
nuc_gene_i__PIK3R3_	Nucleus	0.0	Stochastic
nuc_gene_i__PIK3R4_	Nucleus	0.0	Stochastic
nuc_gene_i__PIK3C2A_	Nucleus	0.0	Stochastic
nuc_gene_i__RASGRP1_	Nucleus	0.0	Stochastic
nuc_gene_i__RASGRP3_	Nucleus	0.0	Stochastic
nuc_gene_i__NRAS_	Nucleus	0.0	Stochastic
nuc_gene_i__KRAS_	Nucleus	0.0	Stochastic
nuc_gene_i__HRAS_	Nucleus	0.0	Stochastic
nuc_gene_i__NF1_	Nucleus	0.0	Stochastic
nuc_gene_i__RAF1_	Nucleus	0.0	Stochastic
nuc_gene_i__BRAF_	Nucleus	0.0	Stochastic
nuc_gene_i__MAP2K1_	Nucleus	0.0	Stochastic
nuc_gene_i__MAP2K2_	Nucleus	0.0	Stochastic
nuc_gene_i__DUSP6_	Nucleus	0.0	Stochastic
nuc_gene_i__RPS6KA1_	Nucleus	0.0	Stochastic
nuc_gene_i__RPS6KA2_	Nucleus	0.0	Stochastic
nuc_gene_i__RPS6KA3_	Nucleus	0.0	Stochastic
nuc_gene_i__RPS6KA4_	Nucleus	0.0	Stochastic
nuc_gene_i__DUSP1_	Nucleus	0.0	Stochastic
nuc_gene_i__FOS_	Nucleus	0.0	Stochastic
nuc_gene_i__JUN_	Nucleus	0.0	Stochastic
nuc_gene_i__MYC_	Nucleus	0.0	Stochastic
nuc_gene_i__CTNNB1_	Nucleus	0.0	Stochastic
nuc_gene_i__PTEN_	Nucleus	0.0	Stochastic
nuc_gene_i__AKT1_	Nucleus	0.0	Stochastic
nuc_gene_i__AKT2_	Nucleus	0.0	Stochastic
nuc_gene_i__PDPK1_	Nucleus	0.0	Stochastic
nuc_gene_i__RICTOR_	Nucleus	0.0	Stochastic
nuc_gene_i__MTOR_	Nucleus	0.0	Stochastic
nuc_gene_i__GSK3B_	Nucleus	0.0	Stochastic
nuc_gene_i__TSC1_	Nucleus	0.0	Stochastic
nuc_gene_i__TSC2_	Nucleus	0.0	Stochastic
nuc_gene_i__PRKCA_	Nucleus	0.0	Stochastic
nuc_gene_i__PRKCB_	Nucleus	0.0	Stochastic
nuc_gene_i__PRKCG_	Nucleus	0.0	Stochastic
nuc_gene_i__PRKCD_	Nucleus	0.0	Stochastic
nuc_gene_i__PEBP1_	Nucleus	0.0	Stochastic
nuc_gene_i__MAPK1_	Nucleus	0.0	Stochastic
nuc_gene_i__MAPK3_	Nucleus	0.0	Stochastic
nuc_gene_i__FOXO3_	Nucleus	0.0	Stochastic
nuc_gene_i__RHEB_	Nucleus	0.0	Stochastic
nuc_gene_i__RPTOR_	Nucleus	0.0	Stochastic
nuc_gene_i__RPS6KB1_	Nucleus	0.0	Stochastic
nuc_gene_i__RPS6KB2_	Nucleus	0.0	Stochastic
nuc_gene_i__EIF4EBP1_	Nucleus	0.0	Stochastic
nuc_gene_i__SOS1_	Nucleus	0.0	Stochastic
nuc_gene_i__CDKN2A_	Nucleus	0.0	Stochastic
nuc_gene_i__MDM4_	Nucleus	0.0	Stochastic
nuc_gene_i__FGFR1_	Nucleus	0.0	Stochastic
nuc_gene_i__FGFR2_	Nucleus	0.0	Stochastic
nuc_gene_i__FGF1_	Nucleus	0.0	Stochastic
nuc_gene_i__FGF2_	Nucleus	0.0	Stochastic
nuc_gene_i__EIF4E_	Nucleus	0.0	Stochastic
nuc_gene_i__IRS1_	Nucleus	0.0	Stochastic
nuc_gene_i__IRS2_	Nucleus	0.0	Stochastic
nuc_gene_i__IGF1_	Nucleus	0.0	Stochastic
nuc_gene_i__IGF2_	Nucleus	0.0	Stochastic
nuc_gene_i__IGF1R_	Nucleus	0.0	Stochastic
nuc_gene_i__MSH6_	Nucleus	0.0	Stochastic
nuc_gene_i__BRCA2_	Nucleus	0.0	Stochastic
nuc_gene_i__MGMT_	Nucleus	0.0	Stochastic
nuc_gene_i__INSR_	Nucleus	0.0	Stochastic
nuc_gene_i__INS_	Nucleus	0.0	Stochastic
nuc_gene_i__IFNG_	Nucleus	0.0	Stochastic
nuc_gene_i__IFNGR2_	Nucleus	0.0	Stochastic
nuc_gene_i__JAK1_	Nucleus	0.0	Stochastic
nuc_gene_i__STAT1_	Nucleus	0.0	Stochastic
nuc_gene_i__PTPN11_	Nucleus	0.0	Stochastic
nuc_gene_i__PTPN2_	Nucleus	0.0	Stochastic
nuc_gene_i__PTPN1_	Nucleus	0.0	Stochastic
nuc_gene_i__SOCS1_	Nucleus	0.0	Stochastic
